id,label_id
test_ryhoydgtcg,
test_yqasbugonw,
test_etnlgoxldg,
test_fhabnngpzi,
test_wqkbbeobym,
test_gpriscavtl,
test_nzljuohtwi,
test_vauataawkf,
test_sgefyiyfre,
test_frzbnkqsch,
test_kiovjdetda,
test_klrxkcrauf,
test_mlydvmiugq,
test_gzfvdibfsu,
test_lvfvxpqbcl,
test_etovjmajqa,
test_tqdiaembed,
test_gxnuvzatus,
test_jrurgvhlzz,
test_qlcxdsjifc,
test_nkcwtddqai,
test_loispgiazp,
test_vvnnkenxfe,
test_tlusltizzl,
test_pursuuubwi,
test_diqhzpdzem,
test_jrdigpigbs,
test_btkwljcpzo,
test_jzlwbhkpau,
test_fgytykvthm,
test_tvzkcvuvlp,
test_rxfytyoefe,
test_fzoljskyab,
test_wzodggeapa,
test_vvrbomnhck,
test_pixgxkdrdz,
test_jpkfbqezbo,
test_fnlciuhmlf,
test_qvibaxlabj,
test_jflqnbckfs,
test_olivkliday,
test_ibdvqworos,
test_giswpbvhus,
test_tbksdxtwda,
test_cqmmxuodsf,
test_ciolbfgflx,
test_kqjwzteall,
test_hpjhpheeqo,
test_xxonhrgvtc,
test_xzdzuuwkhg,
test_ylumymmbhc,
test_riohyhxwvr,
test_zjgewauugx,
test_udqbvctwqm,
test_rsooaxgqtn,
test_nkrtiylmik,
test_cjbysuxcic,
test_ndnulzdmjv,
test_nuakzyqgeg,
test_pchmxniowj,
test_swfheuzpgx,
test_uknqjjtkee,
test_lxtzoxfzpx,
test_tjosarbilv,
test_tcrgimanvs,
test_kpoosjinjz,
test_egkxupnexk,
test_euosruhegt,
test_ljemfsuily,
test_vliqexafyy,
test_bppvljkfhk,
test_offpwlovzj,
test_jfuawlbmvu,
test_mxcxosgfzj,
test_nmceeruuux,
test_lomvncwumd,
test_dzhfbzpbny,
test_obgblnvbuu,
test_lrfctmkrif,
test_zgqwfrjzqn,
test_awohyqlemp,
test_hnzkniknrx,
test_dvfbskhsln,
test_kgzxoeiyae,
test_illauxaiur,
test_tlzkzxxndn,
test_mmzhuocdyd,
test_wikfchqvzn,
test_hyukezodlq,
test_bnpcdwtlkc,
test_pdyavizyba,
test_xsaxjujluz,
test_fuwyrfsjue,
test_lqmdgttnzg,
test_pcsqyoluqb,
test_opygopqqvh,
test_gmzvhblxiz,
test_jrdwzogjmu,
test_wrwowzyezc,
test_aketjqchsf,
test_bwgpnwqgeg,
test_ywbrclebnr,
test_wxjsirxrxk,
test_wwbpvxsojo,
test_hrzetavhxq,
test_jsljswgiab,
test_ttammudegj,
test_nboubhdnyu,
test_zkywclrcnv,
test_inqauthegw,
test_uahhbdrkvg,
test_mjhdjmgnfi,
test_etgnmxwwks,
test_sxnmwilmwl,
test_uipzgpkqnl,
test_uicqfiwgsw,
test_dwcsbvaghb,
test_jedwiwhqno,
test_bkpxobfrkd,
test_txwqhuyxvn,
test_zusizpysaj,
test_fotmwbftgm,
test_zrmebhzqcc,
test_dgrrgxomol,
test_yxdpoedqlk,
test_rsquqgujev,
test_sijpkihabg,
test_nebfmoepvw,
test_oxcijqczxg,
test_wzxthgutuo,
test_waiuxfymlp,
test_lrnikaclbb,
test_pkevazkefb,
test_fgjdyhwprn,
test_vjiojzefrz,
test_waowjhxzvv,
test_vmdrbuglmo,
test_wtwbezvyhm,
test_iqryuesbek,
test_pahzlzmqjn,
test_wjxfxwhdbd,
test_ebfqhieekf,
test_yvwksplncz,
test_wzixggavvu,
test_xbeorhrrcb,
test_bnqstguhjf,
test_vivkevoryu,
test_dtpmdzlhhx,
test_azbwxsouam,
test_kgsqmixfan,
test_rpvoateuly,
test_adqfxcqmnk,
test_oufxwpkeqx,
test_khaagwktac,
test_bohvjpwfyp,
test_tnppnmlanm,
test_qlijyglykm,
test_odkyybdikj,
test_flyynrvopo,
test_ycfxgtkuwy,
test_vtonykiwrj,
test_umiyqwtbmc,
test_hjpbtjztft,
test_ikhmecbgbj,
test_xazgulzhqe,
test_aenzechrkb,
test_spgcijvfog,
test_olphdwybkv,
test_wxqiyithwp,
test_zbddcupamy,
test_tjvmbbwesg,
test_dswbcmlfiy,
test_uyvqxadomo,
test_istcxlxmjx,
test_tzdtcdskgi,
test_ggmgbhulzj,
test_nsygorwmhz,
test_mgtshmzrux,
test_nlgyeazzpb,
test_uzhojemtnt,
test_ubrniogwcx,
test_hwtvjvplgr,
test_soofyjkwch,
test_fuxslixduf,
test_ddymlvwuvv,
test_wmkwxnsmcd,
test_fmtzjuucqv,
test_ogwoypdphp,
test_zyoxyrexvh,
test_zflywsxrgg,
test_vyeeoaosmf,
test_iwfsgvmssc,
test_ybulgxodne,
test_dpfrfaunyh,
test_iqrkqedwqe,
test_rzousrjplv,
test_qsedtprqov,
test_qctnjbhsps,
test_ngcnnklpbm,
test_qqasxogysk,
test_behnglhboc,
test_crlwlorbrg,
test_xyosxxafok,
test_ieaofbccni,
test_hojogckczy,
test_joidbcpcgr,
test_lsfrdiigtp,
test_qqtpkykgfb,
test_pwuwjawrbc,
test_wmwyrflpmi,
test_xbgllsvxtl,
test_psjcjyaigx,
test_geekirrsdo,
test_tepxbgqjlx,
test_owxjvtgicm,
test_yametxjgio,
test_mcriktozpm,
test_jwaqygjjej,
test_mkyzxrmfge,
test_gswcthizux,
test_llnjyyzisr,
test_qpibiayqox,
test_oryxsvfzyn,
test_umcfsfxgqv,
test_xsjpifhpxx,
test_myqljonafd,
test_nswumwzjxu,
test_rrhnwtjvem,
test_wjffdgflnj,
test_qaufhrimfd,
test_qfcetmbten,
test_smqiuppwxy,
test_czizxgsuqa,
test_hziptxbpxm,
test_kskldxvmno,
test_adqjippzqq,
test_gfwaaspcoo,
test_rgcokezvzq,
test_neoltfkxwh,
test_bqpzbrbprb,
test_jjqtbuifou,
test_ilimnvvbwf,
test_mnzhifzsyq,
test_hrokiujqvp,
test_knmhkrpued,
test_rdwxikkdms,
test_pnbzjrqgiy,
test_ytjkduzyry,
test_yhsxkvktry,
test_scgicrcyle,
test_zbtfizmhqs,
test_wlfxrembli,
test_smuvkblnaj,
test_ycsfmtsool,
test_mllbzlpilr,
test_irorfomllg,
test_lejatspfck,
test_rmkzqchbbr,
test_iusgxekmrq,
test_dxorthrptp,
test_zsaxpefbxj,
test_arwmwnzeqb,
test_qwmqwzwjxj,
test_jtwfekpknj,
test_xkngsmpcev,
test_jilufroxeb,
test_gyeboqytmu,
test_oylgpaahrb,
test_fosknjmcrb,
test_qizhcsktnp,
test_sraoldhizd,
test_rjoanxkhir,
test_seqbujjojk,
test_oltgoyitaq,
test_ktivojwokl,
test_abfwexjhwr,
test_wzqqxsrsvm,
test_ouhlopwcrd,
test_qkvkhretnq,
test_ihikvpeseb,
test_uipzjtpfje,
test_nmzrqjktbx,
test_uuokxzblny,
test_lhcxpaemmd,
test_lxfbbiqrrt,
test_uipwvgveur,
test_yltddzsxco,
test_jxxzssejeu,
test_vapsjqxief,
test_pcwogqlmzm,
test_sgwysocnva,
test_ozkcfhkyus,
test_oalbwrhleq,
test_ahlqzvfmsk,
test_qpulzngfsb,
test_lzibmxujth,
test_kcknzhjmti,
test_inrbtulvan,
test_szyebyidjx,
test_jcwskoivsm,
test_smfsyetczj,
test_haanbfppsb,
test_nyybkfbxko,
test_ezkblpfkou,
test_hpqxxrzhnx,
test_gqyaazslpj,
test_zzajonlpcr,
test_anwwrmtggn,
test_otmlzfvbkc,
test_oefnitynxx,
test_tbnsysvswp,
test_osilyokgyu,
test_shxbmcgnjc,
test_bfuttexzkq,
test_matehotxir,
test_hycyilbcbp,
test_tyvisototj,
test_kqflaanzqj,
test_yadgjmtscx,
test_xxhhembgcd,
test_ofwyrqajfy,
test_nqufobbnxu,
test_msrmseqbdb,
test_gohptsquwp,
test_tuqixcnnpk,
test_yigvuwqcnb,
test_tdmgtxbeus,
test_zhcehncszt,
test_yjezockwmj,
test_muxrljctxw,
test_uqwghnrpmc,
test_sohtqattxm,
test_rfdiuldtke,
test_qcccyniuve,
test_tyskfnoezz,
test_gsxvrleemb,
test_kphikgwaqf,
test_fpiskznpmx,
test_hggtaimcuu,
test_ttnifwfmwk,
test_puhvcmrpxq,
test_uuxdhbtpvp,
test_yeiesalsku,
test_rrqmgukdyz,
test_jrcylwedzi,
test_orajkvnzsz,
test_xtmhgztqpg,
test_bxbbgmfyum,
test_ckesvmhdjx,
test_elepcozfxe,
test_bblvkpgmne,
test_opcosojwkb,
test_prforeorch,
test_bmjwqzcpwc,
test_svhfzubxlt,
test_hkjrunvfca,
test_gmukjeliid,
test_hckryuegvd,
test_yfosfqdheu,
test_qpugabhrgq,
test_crzlaygphk,
test_orhcaabxdn,
test_fcafjyqmwc,
test_ycbjcruiaq,
test_mcpffaejgg,
test_sxmnyiguzj,
test_vnixiecryv,
test_rphzxkcvbq,
test_whbcfzwbjf,
test_xpgsorkjtt,
test_wxvhxpdypv,
test_wzmddtcawz,
test_hasguahugx,
test_scmpnoysca,
test_hrzevqpnxa,
test_riywkmuvbn,
test_esfondhhvt,
test_bmadhwjajl,
test_qfdzcvlmce,
test_lurwamzwxv,
test_smfgojwrmz,
test_lnpnhshobm,
test_maoztxfdsi,
test_yqlzsyuvrt,
test_eibrejktkn,
test_mtvwzlmata,
test_wxmqfkozts,
test_jedrleohsu,
test_zmprcehuda,
test_efbymcmlah,
test_qwxpmxrovh,
test_pzqntargrc,
test_fobvmkmnoa,
test_medyhgsnmu,
test_cpxzbuzmgd,
test_btvubzboxy,
test_uuslbtmqbb,
test_vyfztsfhja,
test_ykdvgtjsjt,
test_lflcjmteie,
test_ffssqtabbg,
test_hxqmmxvinm,
test_tzcftsptea,
test_ckuwilpzvh,
test_ypxocfewhn,
test_ofbnlwxeys,
test_mclegdbmup,
test_aievkvnxko,
test_ooepmcvfql,
test_tkqfobkpql,
test_ecxtxxcnik,
test_gderswpwhp,
test_ehbdbgaijb,
test_afgbmofcvk,
test_oastqrmiai,
test_crgwgzwpfp,
test_ufsrqyqeqg,
test_axbdcyttrl,
test_jvygyjmpeu,
test_jjtoffkdri,
test_xznaaidkfk,
test_zwfoatnsqq,
test_rwxelzjfxw,
test_pkfeiuwtwc,
test_zyqbiyykbw,
test_lvvbzpuiza,
test_zwqnjuchjm,
test_dbyqtnkbzx,
test_retvahowdv,
test_whldckplbs,
test_pomwrgxjcl,
test_tkadohujza,
test_rfiusrhhjz,
test_jetqaotuds,
test_bexwicankx,
test_pstpbjjuif,
test_ydflxiaraz,
test_nyvxiavsen,
test_etexosfybx,
test_klhuhhntvt,
test_zqjbgmiyjx,
test_svigyaztaz,
test_gpvvhfnkpf,
test_ibojkhgcak,
test_ietegebvra,
test_yhuqqbqjwt,
test_hchrmjnpnj,
test_xvbzakiuaa,
test_fesmdibmge,
test_vdmnaswfpv,
test_vinhzxxhme,
test_vybdujnldh,
test_kkvkondgxe,
test_sojioqsnas,
test_ucqgxcxllm,
test_uvvgpldbtm,
test_qdscpahtma,
test_ojkiwqfrwb,
test_vvnkrkgapm,
test_eyxorugvvx,
test_jhvaolfvix,
test_rqpciciefv,
test_qblrektidf,
test_aorrtdrwkn,
test_gfbsqggngp,
test_ficghudwju,
test_rdefeqeeja,
test_hbqpkivneb,
test_gubpkjdavf,
test_moirwfqawu,
test_qrrightqgl,
test_qqfqeqfhwh,
test_bcwfhxpncw,
test_slylduwgij,
test_wkrqkxqstl,
test_zbmixcaskx,
test_rdayvoxpkl,
test_othuhuvbyx,
test_wnulaedlho,
test_dlwkmkjblo,
test_upebzfuxuq,
test_qgjclrzeqq,
test_ndpsqfkfls,
test_yzvralnyau,
test_pjnltxcszu,
test_dnyzgwwbee,
test_pxvwfpmqwt,
test_jodclwrzdp,
test_kvwnmzbwqs,
test_ysrhlkyklj,
test_hdmuucdlzt,
test_prmtqtqkww,
test_ofshekkqwz,
test_odddergohg,
test_viqdcykgsz,
test_pxdnxphqqe,
test_glyaxefchr,
test_sxwpwtvxiq,
test_nnmibmzvwo,
test_xurmivmjuz,
test_xjmcxrvjde,
test_pprtfwtrwf,
test_ubkuocypnu,
test_dyrsuklaqn,
test_ztucsphgvo,
test_dylzskuhdz,
test_fevbmyahnz,
test_rcdkfcemfi,
test_caidrwedpy,
test_xuggckkiok,
test_vbisptsjah,
test_yibeldrgkg,
test_raghbuzetj,
test_krtchdeuak,
test_jwnoqtgrog,
test_marvzwwvie,
test_vgyzicyviw,
test_tyzzeoysas,
test_wqlqqiamed,
test_lvnkozautu,
test_mhapjwczwb,
test_skqjlcyczy,
test_jquxkfowhh,
test_jsvweeqrfm,
test_psuhyifjgu,
test_rklyqmzsvh,
test_ucluusbfmo,
test_zexblorfyc,
test_ldplsdfocs,
test_wyubmwyiqw,
test_nvjzdicnsx,
test_gsprjizbul,
test_ekisimkvja,
test_xkyzqkoebk,
test_vsdkrgbmgk,
test_aircoxhgmm,
test_nfbxpsihzj,
test_mortsxxjey,
test_gkdhnbaeez,
test_tkxrawbegs,
test_fjqcbwvxtw,
test_laryynluzo,
test_pdquspdpzt,
test_wtejcmtstm,
test_tkjckfzpig,
test_hmnabrqylg,
test_yzxgzonmle,
test_cbwxbxeeiv,
test_uxqdhvnrok,
test_zhxxaahidq,
test_pdlezaezpw,
test_hzhlcnjhps,
test_nepakzjqkh,
test_ukvfgiufjc,
test_qjvosmmiiy,
test_ndnptfyokn,
test_fiymaamebj,
test_zvotukymaj,
test_pdjxllhemt,
test_mneavazvrw,
test_hxlzwychwn,
test_dinfexjblb,
test_xcfrmugqvx,
test_idleoiyftb,
test_iwmyborsaw,
test_pmpnxrlkjq,
test_xvtnnbngqm,
test_nmbycheuei,
test_bbfvbaqjos,
test_nlomkesqzi,
test_hkwsdryzrt,
test_iuwvczryje,
test_yxgndmumcu,
test_dukwldintg,
test_llxhovieng,
test_vtmubuqduv,
test_qkgikqstlz,
test_qphnzpzqxc,
test_idawuymgeh,
test_ymsikrwyvv,
test_wlnerdgztp,
test_jwiirrktdt,
test_hiertsufen,
test_fzluxymmjk,
test_qssjrgiddx,
test_vdlfsxtkiw,
test_bvyfvrzdom,
test_bwywieflbm,
test_outypvayzb,
test_icrwkwyjxr,
test_tressvpwsq,
test_xzhinmixlc,
test_fygxysjqej,
test_finjbfbscp,
test_psopkildbe,
test_wtopvrmwsv,
test_qikaqdedlk,
test_qtqisrcedy,
test_vxhhfvgzbr,
test_nqjzcufvlg,
test_dzzwrmipcv,
test_uabebnksir,
test_hbqzehlwqo,
test_vwqrcshqfr,
test_zkobzdnbrv,
test_bouqeuvrlt,
test_azxavrybeh,
test_nabrehazdm,
test_xbxyuccclt,
test_kfedafmiqb,
test_dcdejhmxuo,
test_tymjttxibm,
test_omltabrrvy,
test_loplygobgw,
test_qhpqtvjbzo,
test_ynulzvrytv,
test_dwlyqyucfn,
test_esybmsrvwq,
test_rgvnobotcj,
test_qithbrdxdg,
test_lzadlqaclt,
test_adnbuqdwzy,
test_azqciqgfah,
test_muxyixosdn,
test_ebpovtrbib,
test_wiaumtztep,
test_nptpibbnde,
test_fxthvdchfi,
test_kcqqhnceuf,
test_bybbkkvylv,
test_glzzrmgmhx,
test_zodnhpofdg,
test_javixfaczi,
test_jsxlddanhy,
test_dtxjzyremb,
test_tkyrnridci,
test_gtrfjxegqe,
test_kfsdqvmosf,
test_wtpkztiybx,
test_fyjzctpfqz,
test_bititbrtyd,
test_yqrsssawpv,
test_msvdbjhzmv,
test_egixqcbkbr,
test_awnvwrwhyz,
test_miguuukscl,
test_naurzvsscd,
test_tusuqclxwi,
test_vtvmcggwhl,
test_odzuipzurf,
test_ajrqzamsrb,
test_tenweqonvq,
test_albdbovgwo,
test_plwugdphze,
test_lhxrmpuwfn,
test_cbtepxvify,
test_rxciemxmhz,
test_gqnkvpoosc,
test_cynxlsehyk,
test_czxnrlnedn,
test_aorsmzyonw,
test_nzcedytarp,
test_hwavwmmvbj,
test_jqfgnzvlhr,
test_sywjmyqoow,
test_kfeueybnzs,
test_canbwytqwt,
test_ktwhkhetkv,
test_oqxmhoysfi,
test_xalkunjbxt,
test_emzfcureob,
test_rcdqgwscxc,
test_yuuretidua,
test_hdksegqckm,
test_yfqnswdhfd,
test_poziyuqdgy,
test_oqmxsqyrwm,
test_jnupuqhcfe,
test_dijjqqbisr,
test_ifigxcvtgz,
test_jnrinpiyub,
test_gkwjtvubts,
test_fgfmcrpabr,
test_uuwzwwbikz,
test_zruqyryedn,
test_bzkwvkcfqr,
test_fbatoxqmjg,
test_gopqqoflmi,
test_xurxvqmhbb,
test_ycuchgwmfn,
test_goexntkrxq,
test_llrntsunuy,
test_wkggkqbykf,
test_racgwylvuw,
test_qhuyccmfwu,
test_lceywgizrt,
test_laofvnpbiz,
test_wmutierwwx,
test_kktstlvbjb,
test_fpxzpktnlx,
test_xzionpnpco,
test_rkephlwylm,
test_aumulzamjb,
test_durzgmcofg,
test_ddofqkxnol,
test_dewrwuurci,
test_gyybtwcerb,
test_rkmyojhxxw,
test_hudeokedmu,
test_zozmqvnavr,
test_hffscmxazk,
test_jogmgynyft,
test_ofwskodthj,
test_hpaxyhnqrt,
test_hiekcftgov,
test_twmjvfjgfx,
test_ytzbznrlwa,
test_pamywhrhgg,
test_prxqspntdv,
test_jqsciadugf,
test_luibihivdm,
test_tvpnjcousa,
test_gomcjeehqb,
test_vgjvbenumi,
test_qgcorzowpf,
test_ownsdltsnp,
test_eggyhppfes,
test_otimfczsvg,
test_xhrytzyfsu,
test_qzvbcjunkb,
test_dvtewvcyjv,
test_hbcdptjzte,
test_jvpankmbze,
test_gknlsguzfk,
test_wajaocwjmo,
test_izafjvpzmc,
test_xgcgjitwag,
test_yelpmrerjl,
test_cppkovzhjz,
test_ktratebttu,
test_qpjzzoumux,
test_umppevuwga,
test_ftgxjgaayl,
test_lwpvbchlxn,
test_bbqguqnory,
test_ijuqebuovs,
test_kechwjwlcg,
test_gzuuptukbd,
test_loqenptqrj,
test_yqrdpcbkzj,
test_yclqtkzfmq,
test_ixndiajzdt,
test_neuydojnkx,
test_tsmjlcpybd,
test_elqaoouisy,
test_zgqrfhdgrh,
test_mlwybxkwds,
test_ttrryxhipk,
test_pyshnibphs,
test_lqchaxpuyt,
test_vsailymvng,
test_cajrzkolle,
test_rhpqklkiya,
test_leftnyygbj,
test_rtnkvvzfwx,
test_fmafinwffw,
test_hwsonwrkfh,
test_euaynqdxst,
test_natpreblff,
test_uywkxklagf,
test_igfnptfsln,
test_zrpenrgfdz,
test_bpfxknxjmy,
test_omotfthtuk,
test_fpcqmliotc,
test_fvjvdjjevr,
test_rtbippistt,
test_zladaaadsf,
test_awoprnmgye,
test_dfxakxboqs,
test_ntlmavepzn,
test_vzdxfqbfhe,
test_bfigriegbs,
test_nwvexreekq,
test_bmkpzaeeok,
test_qeyqhmgizg,
test_iwwbrlhmvn,
test_lbwqjsjffw,
test_qohrxgkryw,
test_ytjwaigmdi,
test_pdmtdwrgkt,
test_cgpqsouvog,
test_aaodjrugmk,
test_oecwbfvlgc,
test_pegzpnwphv,
test_tcaxtqxnth,
test_ndprttlgot,
test_qiurtsmtdk,
test_qnrscyhdud,
test_wldvdchzus,
test_glphkewxtc,
test_gwisvstibl,
test_robduavhyb,
test_wuwjckhmmk,
test_bzvdjukqso,
test_eebesbskdv,
test_jcqbntbzgz,
test_tjaueuqbqf,
test_ebxizzprhg,
test_euvsxwcecm,
test_ebtzxfdbwn,
test_qyythlcasw,
test_rsmhvzkfra,
test_uevnbgejjx,
test_yfrdjvkiwm,
test_altocxprzm,
test_tvokzpawek,
test_cxjcvkkgnx,
test_mkxsuxumgi,
test_vfojsvryxr,
test_icnswiumfd,
test_krgkubihal,
test_vqvasehktd,
test_wksqsyqdnn,
test_ytskborbpj,
test_chbrovlvaj,
test_iytlydzrwr,
test_imspuypvnh,
test_kjqhjyihfu,
test_whhdldnahj,
test_phsgeyhufs,
test_ovckdnbeoh,
test_uihgkmmiuy,
test_yptfwrrhax,
test_wzospgcksv,
test_kxfdfnwbox,
test_bjmhucwaap,
test_dfkddygier,
test_lgrsubnpbk,
test_gynqwstyhj,
test_fnbizlpqmz,
test_zxwtkviptn,
test_lzscdzlsne,
test_jhrgjvruat,
test_ozqyxgcqzd,
test_fkgpckbbqy,
test_bmsgyyulda,
test_joittdosqp,
test_mzlgskpjyi,
test_lsmqojhkoa,
test_qoyjcenvzs,
test_iylwasqxyv,
test_vcvtxjayyg,
test_tgirsxtjak,
test_nfkpmawsdr,
test_gygkzhbspq,
test_wsbgtvjcfy,
test_wmkdxzekho,
test_jhnoadtmeb,
test_ijybjcbrmc,
test_pbmcgxvane,
test_jzjdjihfhi,
test_klnstrztpe,
test_okoknsbkrv,
test_iwtkrkelrp,
test_nzgvnnuqix,
test_qwqozbzxdj,
test_jqagckulfa,
test_ehjzgllkxx,
test_ekxbrkrksz,
test_jyrldssvcd,
test_wyndovjfev,
test_jejuaysexb,
test_poysilizgu,
test_rezmrfdyst,
test_qxzjzrpgjy,
test_fvryvshnsp,
test_ssozatdvim,
test_hjitwgbthz,
test_dziehqnwes,
test_dtkwnaamqa,
test_bdcrwicdpr,
test_fqplncydos,
test_naykfcrajl,
test_jqufysoqti,
test_qulgwgvtjd,
test_yglxnejrhv,
test_kwcrlldgkt,
test_pazcrltxvn,
test_vhvvydkygo,
test_uucomehmko,
test_nfewivivqi,
test_gbescfhwxy,
test_rozzghbhwa,
test_eguljxzzmm,
test_qsticrbajo,
test_jqqkzolkgk,
test_xcnnwqadxg,
test_tgremadvuc,
test_prxbibjlss,
test_hrbsaalisi,
test_nmiyxwsqol,
test_llklwkvvoq,
test_ggmlgsamlm,
test_nmsrpsrffk,
test_qphygmotim,
test_mfzhljvmdm,
test_yinhvbspur,
test_kzcnfmioey,
test_nyfskqusqp,
test_ywtlpzxhso,
test_miffocxaha,
test_dvtzpvohgx,
test_gntvoridxd,
test_qvzthfjkvb,
test_ccrkwfkovw,
test_hrbppumpij,
test_pxbxtbyeds,
test_udycghknio,
test_oxinmtqnxy,
test_hbofjgmqep,
test_dkdwepmgqc,
test_lccwwnqxsv,
test_qemaiipsvs,
test_tsqqkflqog,
test_nvmwwkzykm,
test_jmwxmovwpg,
test_nlwzpeoiuu,
test_efwtprmffh,
test_ozqkwrzhtt,
test_xscrliukjj,
test_iltyaomesw,
test_wmzzbpobgi,
test_ruywjbatlh,
test_sezdtuopcw,
test_rehyjqpqoe,
test_cleucywbov,
test_pdzujrgcyv,
test_uqgtvnuudf,
test_cqoydvroqi,
test_ovuxmihxjh,
test_eorafbemxh,
test_nwcnmsykec,
test_syurszlhdm,
test_oxxcxqidbl,
test_xnpaqswjnc,
test_xtrkffnzaz,
test_rkghjnqiai,
test_zndjmefovs,
test_zcbzojvwln,
test_pzbhhowvge,
test_ujogwvlele,
test_cabjwqjevq,
test_ozkjaexgwf,
test_qrjyuirlvp,
test_naqeakzldm,
test_veejrgcjwl,
test_gwptfgaijk,
test_oueygigcos,
test_hqqzfxozzu,
test_kodolrsucb,
test_hvnyydlfgl,
test_hsgkxwmugp,
test_eqbhhgefax,
test_lpjeuuqotu,
test_jinwvzsqch,
test_muzfzsxkcz,
test_zfbejjdczz,
test_wlrgtlbttl,
test_toyqmeaggq,
test_jvtdvlzyoi,
test_cnrlmavnsd,
test_tcuurfdplc,
test_rpuunmudjg,
test_fbeyeheflg,
test_xcusgnvsio,
test_vvbdnqewjs,
test_terzkgqmqv,
test_eyjypqyrdc,
test_pygqvlppvm,
test_usbwsufoyj,
test_rgmfhzlgfc,
test_tpigozrrnj,
test_xscpbsebcj,
test_ywgqlypzri,
test_tjuljpings,
test_znmmxoeklp,
test_cnamlmsynf,
test_skedyjhzvy,
test_kldtvwluah,
test_stpjqfpjlj,
test_udbpduxria,
test_dlqdfpmetd,
test_mwexzofcln,
test_oduaobbdrz,
test_pfizheypoy,
test_lwbeidifkz,
test_wjvtpwcsyx,
test_zxvmsraeyz,
test_fvpidljemm,
test_fywmynqwts,
test_xqsegtpnpf,
test_efwkfajsuz,
test_hwvddlpqrf,
test_exnbkalvrb,
test_ohwqdsnyec,
test_edgivbkiol,
test_fjltkbedjr,
test_tquzplvdwy,
test_rqepajjhij,
test_tjtzcvplub,
test_tbidffahxp,
test_teqgdjlkml,
test_hcdagfpbmm,
test_noobrbjgla,
test_ccqkoqojgr,
test_emobhwuavb,
test_htukoeqfvg,
test_oeivkrmuyp,
test_hnfeuyxwrr,
test_zddnjhsyyi,
test_nxwhmhyclk,
test_aedcvszxyl,
test_fwmnysaduw,
test_spxskhllym,
test_nvwyigvilv,
test_tfuldzxxps,
test_zqcbtnypfl,
test_kryrauxynf,
test_aqwkjauhqh,
test_bomgpynxzk,
test_cgxnpoodru,
test_jqmlowmmqi,
test_gfadkgmlmv,
test_rvlnwbchvj,
test_fhuffgcptc,
test_qquwyndpke,
test_kpmpwrregx,
test_hgtpltxhre,
test_mfysathffn,
test_zdzdzvtvhf,
test_heygrkmvwm,
test_kzdcwvirtj,
test_dnezvyvtyk,
test_sqeioueadv,
test_ccsqfnelkl,
test_mimbzkdxzm,
test_smcvaotmlc,
test_agyyivxgcu,
test_yacgeeadyd,
test_piiwatmwds,
test_oonhwcyqfd,
test_yprybjcumf,
test_mnxzdwmetv,
test_xtbszalihb,
test_olrundotip,
test_kqixtqsimd,
test_gcgyhgxjct,
test_kcsihdmmlu,
test_rctrjupkkq,
test_pehjfeauiu,
test_yykrnldgch,
test_wnfjsksenp,
test_wpvkjvpgom,
test_foobvyvstw,
test_qlzkrevxet,
test_uzadldnehj,
test_ocoxoeqvto,
test_zhklcneczo,
test_cvzyflavdv,
test_qjgfoultrz,
test_oxxwclchxm,
test_klpgejbwlx,
test_anwgdpvwsx,
test_bkokwnhcso,
test_bxilxlqhdy,
test_gjezrrvriq,
test_pvfnkbgurc,
test_zrqqdfvkma,
test_metqjqfmuf,
test_nuvqoeysye,
test_ydyvxpmhtn,
test_ofnbzbssul,
test_bqomtnmjwt,
test_bmudnngeyt,
test_uxbsrriaei,
test_fkuqizxzcy,
test_emzcztfijw,
test_rzasdhfdms,
test_dfgqvtyrqc,
test_msaqlkdsqx,
test_bospwiiemx,
test_gwnremafcv,
test_fhsbhppsxw,
test_nbcdkyfyez,
test_vqhubombyk,
test_zdhbjwcuka,
test_oieiidxqll,
test_tkgmfqgcqm,
test_yxyezpribp,
test_igcecxkmyk,
test_vlnwsqvbmh,
test_kabgfgvypj,
test_vttnoqsqwg,
test_cahhguluox,
test_ylmjqkkvcd,
test_kzjyqzypju,
test_csutuziwgz,
test_hhtspqapzr,
test_tvksanfmxd,
test_hgbbwghaoj,
test_tmvvuioeev,
test_xvoqpfvbkm,
test_vikqsdyran,
test_ickmjqgxnb,
test_axnjaalpxi,
test_bdgkyzqocd,
test_nabcvbubut,
test_tqnvepqavo,
test_nukurstibz,
test_qbrknjpmde,
test_fwvkiihwxi,
test_uhgypfqths,
test_quwtudurba,
test_zaelpizuyh,
test_qpdrdvncdf,
test_xksohefbir,
test_wwkuorzims,
test_slpgfpouhi,
test_zwpkaxadgl,
test_ycanlrxzzr,
test_ttlegkmnxc,
test_eoszefzhft,
test_zxchwostsg,
test_edhylodvpv,
test_fvrruomcfc,
test_hrvrlgwvlz,
test_isxlvnljea,
test_hgsdrbeour,
test_gwvbwaguad,
test_lgqvenclep,
test_cuzdtrgbzd,
test_dydlsjxjjr,
test_pbvnpppzet,
test_cqjgezggau,
test_sqduwsawir,
test_proeptfexs,
test_vfahuoedtc,
test_ilqtujyatf,
test_tglmezgntz,
test_kcpjxvwnco,
test_irsnckpxqo,
test_xrwpazqysy,
test_qhpqzuthvx,
test_dclfbkviwj,
test_xbnijgejpr,
test_gvqbsqlhud,
test_unzvebyonn,
test_gvtychklms,
test_svbqkbxtoz,
test_otnaudjxbo,
test_psphzsqmrz,
test_ysaedzxqmn,
test_pyxrnczzpj,
test_yscsbipanv,
test_famhclkyre,
test_buosuhyxer,
test_mfwajprddm,
test_rnxktapiry,
test_lhwtrqlrjg,
test_pxixipsgyw,
test_qqbrhccebu,
test_nxnulconma,
test_tyadohfunk,
test_mejyjjkfhx,
test_lwlxavllfd,
test_viymhmulqf,
test_bgeppatwvc,
test_bkoneuxegz,
test_stbecyqktf,
test_vpknepuodg,
test_vjndtokwid,
test_shwbosbbpe,
test_hrlbcpuvzx,
test_ygtuvpdpos,
test_mnmhcfasfl,
test_hzscknkzau,
test_opsvhzggex,
test_zhhmmvsrko,
test_gkbtlhemtj,
test_zjottrbpda,
test_qkylpzxcjc,
test_whtqhwzyci,
test_zqybhaomik,
test_tnanoumtki,
test_ooitnjnrxh,
test_znrrdacdtl,
test_nopcfybiqk,
test_jwongqkguq,
test_hajkyqwcoe,
test_adgidogzhb,
test_mgdrewshsn,
test_lsicpkehxl,
test_kbdohncesi,
test_zprazvruev,
test_dfpuhkdhte,
test_xoyfymjdvi,
test_tymstviyno,
test_sogunbajgj,
test_onbhshrnbj,
test_lksqnjermy,
test_wlsfuxbyvp,
test_vsmxbahmku,
test_vtzdosavty,
test_frudzmorxg,
test_riimyrfifw,
test_gwnltwfcpn,
test_vjqilianey,
test_ynjkmjidmv,
test_eeqhnlnxjq,
test_ipncpfudcc,
test_lwcxavylqx,
test_jaolelxeag,
test_flhezmdkkv,
test_qsskytjajs,
test_hybyabbgvh,
test_jolouvwqsb,
test_xntjgwukkx,
test_pvjlfbzzbn,
test_mamwcoxmos,
test_rjmejmewcy,
test_hjlgpkegey,
test_amgyefdesj,
test_natuqagdku,
test_qzcfevxjbq,
test_amtcjyyrnz,
test_lblbcxpqpa,
test_hxsmkgysco,
test_edpsjxgmhc,
test_rxoukapnkj,
test_tqeeufulsr,
test_quzigmifhv,
test_vzxiirzjhg,
test_cdpkqvtzrv,
test_magektvsvh,
test_eywsyruodr,
test_qsrassyqks,
test_jfaiwydrkz,
test_mjhsjiwvgv,
test_qqoztijdcb,
test_tojllljyek,
test_dgevxiuefq,
test_zybzicyinc,
test_btdoudmzsb,
test_rbzjfpmmic,
test_ilqwylnwgg,
test_qppyjknhxs,
test_hjqpykvqjk,
test_bplflucqen,
test_pcrpwhrsyk,
test_ckimyxgsvc,
test_bjtycnedzz,
test_edpzwwgahn,
test_rwmjvfsxzt,
test_yeqlqskyxk,
test_ppnkapbvhr,
test_gnimcqvgps,
test_rkyvjryspb,
test_xvbfxuegmt,
test_cugugvsijc,
test_klppjyejcf,
test_fsviviuint,
test_qejocciwzf,
test_ppxlwcwnjd,
test_rfvfnnurzy,
test_xercskggjz,
test_zhnclaiijo,
test_dhigyhbkqy,
test_ycxuwzhity,
test_tuhkzlsxhq,
test_kuqjsxzhbi,
test_hmxozcaimg,
test_crkqssbold,
test_cgegmdzlzy,
test_ibjbrurbea,
test_ikgjhtalld,
test_hlvtcxxolh,
test_bqlcdhhdgh,
test_zwgyuinejk,
test_mxwwubhhcf,
test_rjwdrqbvhh,
test_artxlflqam,
test_mmzfspxeow,
test_nmkyxheezg,
test_fxhcrypeaz,
test_gqukzkjnhm,
test_utnjvyzudr,
test_fmokngvigs,
test_ddjxbnytcp,
test_vonakxwgfs,
test_zeecyhafnj,
test_zbgdhbxcay,
test_mammtsdcez,
test_isifrgeqkw,
test_rvihfybdfh,
test_fccnflhumq,
test_fivuopzike,
test_qxcgyiqbmm,
test_pchdgaflnh,
test_wjgvauista,
test_slmerhqeew,
test_pbsqebuwxz,
test_zvfnoehuht,
test_vqqtmhmiow,
test_yhbbwqdhae,
test_drbxeunaro,
test_ozmxqcuqsj,
test_eamtottxai,
test_dcmydvpewy,
test_lunicxygyd,
test_dlecurxnej,
test_cpmoswrbqh,
test_nustycnqdq,
test_xshvgnkcai,
test_lzberhnvat,
test_vkgiejsrhv,
test_kahvonpqtl,
test_nwceekwxdy,
test_drzsccmhlq,
test_bzlxneouhr,
test_osketkixkt,
test_mmxvrwpaxc,
test_ehbrppgytk,
test_lxpiodfiah,
test_gsunxlxmlx,
test_zfrpoztrvx,
test_kvzpvjfqpl,
test_ipwcfqfkwp,
test_vyvktrelvj,
test_wiohpjevfy,
test_ryikszcfmx,
test_peuztfmtfh,
test_orknqbaggz,
test_whijrybzlo,
test_jrpxojuerb,
test_pnkpwukwsb,
test_zbazotrmrw,
test_bivzmfnida,
test_uqxcqtdhkf,
test_padpqcpvit,
test_rpwrckokvi,
test_ofotjeyulm,
test_aokvlzdycr,
test_cqzebfcwzb,
test_vqmkbfnvvf,
test_yvqabjdhaj,
test_asrbqcozri,
test_dukwjujyjl,
test_oeacxxjegp,
test_ccdjomeeio,
test_ngdnscylsp,
test_lgwfooyttm,
test_mmyxbbnias,
test_dfprrrmpju,
test_pjzevdoyke,
test_ylzbiuitag,
test_ocvrcjelkr,
test_hkowtitrku,
test_svfpafokhz,
test_dnlzfeqxsl,
test_gdnmlwytdo,
test_guhimxcdvj,
test_qnzztzzemb,
test_utrzpqktrm,
test_hblaskegdw,
test_puvckdfali,
test_saousikvll,
test_mcgvaamkmi,
test_xnongawasa,
test_exoehsappf,
test_bnskqdfffs,
test_tllpsgzrjb,
test_qtxbehokcl,
test_nkfyosyfra,
test_fhqhdhnlre,
test_bygnuqrgjp,
test_lwvhniwzyu,
test_eexrztqkoz,
test_esdtwqmsxe,
test_zxxkgjbifx,
test_jdfbznnqzk,
test_pxhsrqmhiz,
test_iucnzlfhid,
test_eqoxqelnbs,
test_xwmantspwo,
test_wniksvfddx,
test_avxqtpfdem,
test_ynrbexyrrl,
test_ugkqjuvhkb,
test_gwrpqswgei,
test_fbmmohmhdx,
test_qfavwezurd,
test_xjcmjrpqah,
test_mnfefueobm,
test_brrznmjoig,
test_ntsokfnodp,
test_llnbnvhxlz,
test_tfyqoqmmhy,
test_ddtmdbnbxy,
test_vziygwcahu,
test_xtunnufngw,
test_pdtsygnyzb,
test_lyoaxukyyj,
test_rsxehmnqau,
test_lanunohtrm,
test_yejvevpijt,
test_dfgredifpy,
test_cknrgfyxxy,
test_gkvioizhxz,
test_paltigvypx,
test_fpgicewrmu,
test_pljoetegal,
test_zmlwrzisad,
test_uuyurzodax,
test_ytyyujrtjz,
test_fywnsasfii,
test_igpywawrxn,
test_qcibwtvqzj,
test_qzmhoqiipr,
test_ffvsshoxgz,
test_jueadpegvc,
test_knadtllwkz,
test_bzakrxmvdi,
test_uxwhsonfph,
test_chasyuomnp,
test_tvcpvypvyf,
test_wbcrzzcwza,
test_thajdmtcss,
test_bnmnehdekf,
test_ujosbcgkmv,
test_acjccioeqd,
test_efjysbyztv,
test_cjktuwlusd,
test_rkcmquinui,
test_fvfnxazngm,
test_wcawkrjqmw,
test_bwblldrpkk,
test_dabdzxekuz,
test_ovpmqpfmlm,
test_uhowucnrcj,
test_nkekealtfu,
test_oqcnfozmfs,
test_kmjnaxsqsv,
test_idteklwnlr,
test_mnazaywqbq,
test_iingdghkbg,
test_veobvlhmxk,
test_gxrsyotbku,
test_uqzwhkayyq,
test_gahxfrmjcm,
test_cmldmyvksg,
test_otouassboo,
test_jvcuiunock,
test_opchinpopw,
test_vngqlumigr,
test_zdukpoxrsq,
test_tijlrgjpqd,
test_yfbhsasmjr,
test_bnpujsveze,
test_psqmefkjzj,
test_fzyifcflgc,
test_wkzjszvdud,
test_fptrraicly,
test_rhqiqmqmuf,
test_sifgcrjpwq,
test_adyzcnzflr,
test_amwypmnaiq,
test_uunorpswzu,
test_kefutynenz,
test_fkrxozfywb,
test_lvepfsdmwe,
test_jmdybpxbox,
test_plqlrhobgg,
test_mqhumzcooi,
test_lhuoizxnvb,
test_syxhvkldwh,
test_ndqhyjakoh,
test_ftwrawnssg,
test_qgoxqkerbs,
test_nnlfhqjxst,
test_xtiqybmcbz,
test_hpfdqoyqxe,
test_ojojudscwa,
test_nlhjyqubue,
test_exbukdhysd,
test_vdfxjxlwfk,
test_btjfuiipvs,
test_hhqnxsxilz,
test_sctxdljwli,
test_wbwbqrdxue,
test_pttzwjebjw,
test_uheagdxntc,
test_rdywytyosg,
test_fsvapcotay,
test_bklxuxlgcg,
test_dvlbjhldnv,
test_hcaibqwkfu,
test_vanzmxvvgz,
test_woysrhwpoj,
test_pdhieqkcyf,
test_qnzxoqirnt,
test_hzlovbpfqr,
test_jlvnqkksbm,
test_aryhtdrmky,
test_tkqbrcfnjf,
test_pbpvmywhjn,
test_qbylsfgden,
test_ponlhuyhgx,
test_idgssctehp,
test_heduojqhju,
test_jypgpyqaod,
test_pykmxyryfn,
test_btpoyceorl,
test_xvjmbfslma,
test_cmskgqboqf,
test_hntyjwwwsn,
test_jjetplpupt,
test_avaynrcthj,
test_vyyzsikver,
test_udrkrdoapk,
test_lhwcytsocu,
test_lnfpoddeas,
test_dsmezoteys,
test_ojtgruvvzy,
test_lpcjezinng,
test_nrmajggkyo,
test_gjadwxczmc,
test_dmnybzlmmt,
test_hvewlqqlmw,
test_fvoxxrvobg,
test_ikoumzfplc,
test_chfkeijtfk,
test_xpsskqvfnv,
test_yzpnzqbfqn,
test_lgrpeivhge,
test_onwoyggaew,
test_jxnrqjzagt,
test_djhsndeutv,
test_twtuilnebm,
test_zllplvjzey,
test_kishiyvimg,
test_xuasjesqqc,
test_uvcpqxqswb,
test_qnisumlqxo,
test_jvjtciayvh,
test_pmcwewrqnz,
test_jkjrmevkci,
test_uoopkfhgky,
test_dlrvqwkaio,
test_yyjblehbhn,
test_nclffsrxqk,
test_mombwgyyjb,
test_obfyvneqzd,
test_dhzzyayigh,
test_ftjuhhkzsc,
test_aececlrmgy,
test_laxqgzsqkw,
test_aclvqhqiwq,
test_rkjnjluagx,
test_mwgulwqwuq,
test_crvhnbwfkw,
test_eqczxcjppi,
test_kjcfwtgqhu,
test_akipnaucod,
test_liqfewbgyc,
test_fxudblgueh,
test_ooweklxkks,
test_tohroayahq,
test_lgebwgxhkg,
test_xiuxpngcce,
test_onwwqawjgv,
test_qeekiuqmdp,
test_djsvgqcegq,
test_odmpbsrhwd,
test_tiipduafuv,
test_hjlzmadcef,
test_cegrgmtwtw,
test_fvhnxjvegd,
test_sqkvhhbcos,
test_xqdsnjubte,
test_mvkulwjavq,
test_txpxmjxqcg,
test_qdblemhksg,
test_kpczxznpik,
test_ymhqysiaga,
test_wjrisivvap,
test_lwfrjxaocp,
test_rrqtyjylro,
test_tmwsnjsrhq,
test_dblchbrbtf,
test_ydygjyigsw,
test_abqbabiwib,
test_gokcznlaam,
test_clskxkgsbv,
test_gtmfusbwga,
test_xszkfgxijn,
test_vlueejnnlh,
test_kcrgrhdhks,
test_wqjynkfaul,
test_fqinbfcmnp,
test_qgslrjkxww,
test_pgxzpjsvyg,
test_objloshxus,
test_qpnyvdiqgl,
test_ivlrmvkspa,
test_qaczbfvgbc,
test_tozjqpkwlg,
test_twqfnoppel,
test_wbhbleulaw,
test_ralonokvqo,
test_zuwfdedgpl,
test_shdyzyraic,
test_mngksvalrv,
test_nuiaarqahm,
test_fohgrqvzoo,
test_cjdxffhnql,
test_pkywfozbkg,
test_wsorbcfddy,
test_ccpbphghsf,
test_qrtkvkpzno,
test_infjmkiuvd,
test_ldcgjjlioq,
test_ttocytgimq,
test_pjhvtjeqaf,
test_gtzczysrfq,
test_bwododfuna,
test_bhshdxnjxd,
test_rzgaqtiaeg,
test_xawjjvetkc,
test_sedewylomq,
test_izytfjuzke,
test_pjyvwtsxxe,
test_jwbmlvojqg,
test_agvifrxcmw,
test_xljioxfcyq,
test_wternakuxg,
test_cwlyhgvpwe,
test_beogrkgbaj,
test_peyeivapoq,
test_mpzlirhpnm,
test_iikvkcgogb,
test_nblburebpd,
test_elfdeyuusf,
test_mpobawxfwx,
test_gydpgkgzxw,
test_ofkniyopbc,
test_wwasbdksgz,
test_lwerdcmkpe,
test_zjnzqtcyvr,
test_mwxyocovbm,
test_jwnhrokfiu,
test_rfuujefjkx,
test_bidfkjbyvv,
test_fnmzpgysyi,
test_jqdfdzknuv,
test_frtieoheqy,
test_gonmbjabuy,
test_nnydcorvsq,
test_dumxelsgle,
test_bqwgmfwpih,
test_bqkvmmquxr,
test_sehlgavalt,
test_kydzgrtfqv,
test_netuevnnek,
test_otyxgztkwv,
test_fpvrhpjejf,
test_zmsqsolxmh,
test_bedqjiafei,
test_gomlwmqbln,
test_qvxbnhilbj,
test_wtftqrybam,
test_tvykicawiy,
test_clwxxitrto,
test_ieuxlqjouw,
test_bjqnjzhrmv,
test_pdwdekwtft,
test_omgrfkdvbw,
test_lwfeoltgkr,
test_mykuzfskbl,
test_hryxmdzbsq,
test_zduvlwhdkr,
test_cfmsnfiebw,
test_yydnohhpta,
test_aqooesxjxr,
test_teexzxtyzk,
test_mxngfbovvv,
test_gsqndcfhvb,
test_zgxsuneahx,
test_xbfizejcmu,
test_bahyovyweo,
test_ndmokxywjp,
test_ctrvgwjerb,
test_swaxgixhum,
test_cerfbnhrlu,
test_pcopzbequo,
test_gljaejixun,
test_cdzcbaaxlw,
test_zpngdlfmzr,
test_tycltakroi,
test_bdjkrtilzr,
test_vjuxlonbor,
test_ciqockdjwn,
test_iwregdapic,
test_gyknvqjovb,
test_osqxjuoujq,
test_rpotzvsmvf,
test_xcwoeygekg,
test_dbvdytcvco,
test_hzdahcdwbm,
test_bsqwzvugcc,
test_uxudwrihxe,
test_boacpdudlu,
test_zyyzqpkbzl,
test_snfsizkbxx,
test_bgljszlmrw,
test_ofokyerkht,
test_pygahbyqpx,
test_nuwixiqphl,
test_hkliqrfyep,
test_egocwovxwf,
test_ivzgowkicb,
test_ckofbcvngf,
test_wnfvsfeckq,
test_pcpayegxjn,
test_zzwpahmuhm,
test_gfkbpqllkd,
test_xxoygfbecd,
test_xfpsrhrpuf,
test_hsiploapbe,
test_zvzxqfbxlu,
test_onrseejlru,
test_qkmwsbbcrc,
test_ikdtxwwzve,
test_yrwbsrdmvh,
test_pkoxemoxgq,
test_hxusmfukyo,
test_ydthfbgipg,
test_yuuknyqupf,
test_quofrwpuov,
test_msgocwsqxl,
test_cbldqfralq,
test_mgcdlhtqeb,
test_bitahfpmgd,
test_dvzmvwfjrr,
test_tqqothoxkv,
test_zzjrlvcqnl,
test_vzmxsumbkk,
test_uftodxtxif,
test_gawjteuqlb,
test_sprdcpjrzk,
test_jedkfntwud,
test_brlbcujkln,
test_jpllkxmofr,
test_vpmwyvnedj,
test_aewqqbxjvg,
test_hcaowcsbqn,
test_txuvmohdyq,
test_uxacuuiffk,
test_itjcanemxs,
test_dtssxddcrb,
test_omltqhmkgu,
test_mrhssgdxmd,
test_oodhahdziq,
test_jdzualihsv,
test_hikbcjmxwo,
test_gmaojepxgq,
test_mlhhzpmuvs,
test_llxglfjwil,
test_oefchpjmgy,
test_zjrsqbdxcq,
test_ojwsmyyyps,
test_tvytkihlmy,
test_ceyctcsprz,
test_waqroijjig,
test_npqhqokvhd,
test_iihhwsnirs,
test_elnkigyoye,
test_juurotmdyq,
test_yqrfchdzwf,
test_wujuymwwbp,
test_ovnwvwwwex,
test_jveitndchp,
test_nbvfxohwjt,
test_rgcyuzyvxn,
test_lmwxkxnfxt,
test_hcvbanstfx,
test_qfhzfkrqlz,
test_istztcewck,
test_vlsceowgxi,
test_eylcvpkxoh,
test_zuuucatwzi,
test_cibnwsmrwi,
test_wththxwplp,
test_brqfvsyhjc,
test_snqknsierl,
test_atlprqduib,
test_jbhdcgvynt,
test_ncybrgtldv,
test_tiuyscffpm,
test_ytooeppxpa,
test_mhqctctvsl,
test_sfrcvfvkim,
test_lowegwimlb,
test_dwvrfdcygx,
test_tlwultopgv,
test_zuvexzlsar,
test_fmvpghfgeu,
test_velxwvvhzf,
test_nxgeldwhtf,
test_scfrufgwkx,
test_txhmnozkqr,
test_kiapdmxvbf,
test_drcruczubw,
test_uibxibiozx,
test_fnheunnrcz,
test_dwvtbamgyu,
test_sqcjurqghw,
test_fmzvwsprvz,
test_pwfhvgjztp,
test_keszepluyx,
test_hpkvvplikg,
test_tjnjchazkf,
test_ywqvzntixc,
test_nwmoyzhkbe,
test_oepyfreuxy,
test_sogjkygvgh,
test_vvgrihsanf,
test_otcbjgdnrv,
test_ckahqxsesf,
test_ebwumoshfq,
test_bneagdxxau,
test_seqcctzvyn,
test_jvjddoipix,
test_shorstqvsv,
test_laqeauesrj,
test_cusqqxtbnh,
test_mwriqymuhq,
test_hqjuqeffhx,
test_dqotbmbbza,
test_zkkkvmsyvw,
test_jdezcjayrs,
test_kkypervaeq,
test_qfmfenvcfo,
test_wsiqwtpvig,
test_rkxomqsspx,
test_qbuhimbuju,
test_qvelonpwci,
test_rnllljascn,
test_ewwateoipz,
test_mmxreldabh,
test_cfgahttqfd,
test_tlppvqbovl,
test_dhomwtaqxf,
test_tokuacjuzm,
test_yzryovxkpt,
test_zayrpdijca,
test_jocpsrgccc,
test_visiefttal,
test_yozpcqtylj,
test_wfugtuemdi,
test_bxxlebdfhn,
test_gqadcjgygb,
test_vxzkhxckvh,
test_xuecixwufn,
test_pvzpkiewud,
test_jauxlwmeun,
test_qugekowhxk,
test_rbhefqaykp,
test_tatckwocid,
test_erxjqpqasv,
test_atcubdeasz,
test_avagdadkoy,
test_dzzoxfnuyk,
test_xrgaeycifi,
test_jhunxubqgd,
test_hmrfdgshhm,
test_syfidkdalu,
test_mokejbbfog,
test_usjabuxmry,
test_matmruvkzv,
test_jdaiktjwww,
test_raqnbciduu,
test_fucvdjwtpf,
test_kksnxkubzw,
test_fsvqpjotxn,
test_hpdhjcqnhh,
test_yfynvusnbd,
test_hzgdkbsarb,
test_nwyxylglnq,
test_xzzctmpgwy,
test_fbvjxtmkbe,
test_jpcxyepypw,
test_cheekqmtyj,
test_kujlivsrwh,
test_qxsybnxytz,
test_xnugxpavcd,
test_feptmnzang,
test_tmraereled,
test_gtusqvadzc,
test_hdvtvempyb,
test_msirpjuurj,
test_sbpoaarmxb,
test_eonythhgqh,
test_nblrlplhiw,
test_dlxujkwyis,
test_tftmtfeobb,
test_qtbsxyzxvg,
test_bptlyxhcou,
test_jacwvtnxhf,
test_htfiawiypk,
test_fnkcapymxp,
test_rbbjwtxsmt,
test_qvqqkkqnym,
test_ufkmpxglln,
test_zxuyysaydy,
test_klusfzucsh,
test_kewkmniraw,
test_rsnzjmuhhh,
test_xpwthjvkcv,
test_jerlcfefck,
test_zhajlevzhs,
test_nkzsapamkp,
test_zuxdpaeiuo,
test_lmemsemyrq,
test_gaqwykhohh,
test_yhcfyvzoqx,
test_eezqjfqogd,
test_zulmvpvthg,
test_xfwzlzfspj,
test_zvlhvwjuff,
test_vjcfflryno,
test_lilznydrid,
test_hrobjllywk,
test_yhnurquywd,
test_uylctquuhb,
test_xjowvlasup,
test_vjvlxdvglj,
test_geklawggbm,
test_fxscrecdgv,
test_guhahixyhm,
test_fivrevhuyc,
test_qxcrsetkdu,
test_kwpfilhwyd,
test_zlcghxhxgs,
test_ubguzczldl,
test_zjibrqlvwa,
test_niluwjqtls,
test_zfdihpwjkq,
test_idwsacewpv,
test_zqyhwoefyd,
test_apqrhmgxfa,
test_wjxykfnbdt,
test_wlcpgotamf,
test_iebhfvdtmh,
test_ywqoksotgh,
test_vmzemqycyh,
test_ejjmwpwkek,
test_oxsrzaimmf,
test_gkbxcxjvlm,
test_dottkhpcqw,
test_mkmfcapwwl,
test_cajmehtltt,
test_fpdygpdaom,
test_ucgbqkofeb,
test_yrickrtasc,
test_drsyybnmzm,
test_zdxovmehsj,
test_mlmponvxdh,
test_ctulywjswh,
test_zydsjmeogb,
test_idkjztgcxl,
test_fdosazuklr,
test_bqljtwcelh,
test_hdpflmtpqh,
test_aysegciwff,
test_seroicuyjn,
test_mgwmcatsfo,
test_foerblqnhf,
test_iajulbknux,
test_rnykwghmzw,
test_xcnjfalwau,
test_dmrkbxcpng,
test_hgdyakfwul,
test_usppxhfxwb,
test_zqlqruftrm,
test_qompulqzxe,
test_mkrszaakgr,
test_kmbtfhfqvp,
test_igntahcmut,
test_hbdppncxow,
test_mqprvvfymm,
test_mxsdrmnptr,
test_qsxytkifmh,
test_emdhsbsgzc,
test_atlsizblnb,
test_tfygrfnnjt,
test_fuueqhfwpr,
test_ilbretbgbp,
test_vppnesttip,
test_gfmcajzrsk,
test_hxagrjijev,
test_dxekpklvbd,
test_vnxczbdfyy,
test_gxmghmhvcz,
test_gzcqheujqi,
test_iclebjmvym,
test_ukfswdxafu,
test_epewhlhkdx,
test_wlemzmjkwg,
test_winbfruwaa,
test_hqxqamdabg,
test_llwurouggz,
test_cqizevbqjo,
test_uaskgjryjj,
test_ykoscpydwi,
test_khbnykpnpp,
test_uetkmrqcbw,
test_ufteolpnke,
test_xfoyrzbnky,
test_ymcdhpvbkm,
test_hgoptfmdsm,
test_ltnggmbxwp,
test_cdqivhliuw,
test_fsweqnlkgk,
test_ewioslbijy,
test_npwnwxurxr,
test_isxlthcnuz,
test_xaffkmlgrz,
test_xwqozgnuvy,
test_iohmvoizna,
test_prukmcturl,
test_nwyynduziv,
test_ugfhcwekdj,
test_fsmnjlmaha,
test_kbqpnbowxq,
test_dncsnxmnoc,
test_ybcngxkhln,
test_vzzzpalnrf,
test_nrjcynyako,
test_pxcevrfybj,
test_gdwjhlbmpc,
test_pvmjptsmkx,
test_brakpqxxed,
test_iqytvhcyrd,
test_shsdshtmjd,
test_pyoungwzoo,
test_bbimrulabo,
test_hahnwkwvtv,
test_aqzhgzhezi,
test_gwnrvehyid,
test_vfathcbiig,
test_typjogvolh,
test_ejkljqybim,
test_bhjbeujogr,
test_xkfxplyckt,
test_zmghfpgakp,
test_wswtnuonhz,
test_qvtbgpilih,
test_ogzuvxnaar,
test_lvksjwfevh,
test_pocywijolq,
test_forfdgiygm,
test_ebztnvnfmm,
test_xdnlzzzzkt,
test_xjpoijyyjz,
test_ghjdbxunpw,
test_txiqilixnt,
test_igmgqpinvt,
test_nmbjeuutmy,
test_yuzzobzcod,
test_idsjcqbwfg,
test_kscexjjxnp,
test_wznrebvmut,
test_iwsutycgzl,
test_yyfqluabxd,
test_klgemvacpf,
test_izimwctzio,
test_gfzzscbuui,
test_kdetlujuvf,
test_abxxjhksro,
test_qumcxlmfgw,
test_hgjisfejxa,
test_vszbbdnvdl,
test_yyoobutssw,
test_gqovlgpciw,
test_jtrsbwydgz,
test_spehndcvfo,
test_zzsdftspfv,
test_rvbmwewbts,
test_wlffxdoxdm,
test_pfesefczhc,
test_gmnqbpnbxv,
test_ccxcdkntob,
test_czdtlvlxsr,
test_jijedhdiag,
test_bveantntkz,
test_thquuizbyv,
test_kcdvfatnzg,
test_tnpxwgellz,
test_zzpucyvbcq,
test_fmtcbmsnwo,
test_eigrzhutwv,
test_rafjwoepbv,
test_thdbzjwlbw,
test_hhmjnqpcue,
test_rgkpmvmvao,
test_hilmfxoeiz,
test_yqrkqrkfsw,
test_rhkgwpmypm,
test_hedgryacif,
test_rtkigagezo,
test_mqmbiftwsx,
test_ojechgxapg,
test_bunxxvzoqz,
test_uuwzmspwbu,
test_yhstvrkesj,
test_ggweemkuvy,
test_iacsosyvwa,
test_ugxxtxhpul,
test_isrxsynrtm,
test_kkvbrtjhub,
test_kuhamvchli,
test_zyflldnwor,
test_uruiamqjkq,
test_mpcgoinabn,
test_tlucleykhz,
test_bqtgzrsjnw,
test_jjgfczppnw,
test_pkqkplblhx,
test_qphplyoxya,
test_swbjajewxw,
test_grtzoguewj,
test_zrlqblygxn,
test_wmygplsibw,
test_yaqzjzujxu,
test_fdbhgcbvux,
test_yuztzraxbg,
test_egiwzdngfm,
test_nvaoqldscv,
test_hgkxmesavc,
test_yiobyztkao,
test_jmbzzyevhd,
test_ofufiabcqn,
test_lxtpfgiyfq,
test_nkbivnzjgr,
test_xjgrusxufk,
test_gjnbugovep,
test_tkptbyvxhq,
test_xzbpmewdzm,
test_dwscijrmyw,
test_ztzcicreni,
test_lpquzlztun,
test_todwbrfywy,
test_spzhgfbicy,
test_fbkpjmqcsm,
test_qdcookhnxj,
test_jlpuvxvhtx,
test_cgirjtfder,
test_rpvxwggtrn,
test_poovbezmvh,
test_pnhpldaqoe,
test_numwrflcqw,
test_jajknyeobx,
test_pshjgqbfhk,
test_bnyirnjpmj,
test_etljdrcvxw,
test_gkehlqgiww,
test_nfogghyyjk,
test_losdggestu,
test_oesdlnedhl,
test_viquafzcsc,
test_ilbqyhkmpv,
test_hzywrldmia,
test_nvuwtskinf,
test_hpyvubvojv,
test_mnzkwzcvmw,
test_jhparymojx,
test_ificsikywv,
test_izjnlihjil,
test_lhddnmqghd,
test_sqfysaayqz,
test_mbkihsqohm,
test_vwlgxfcsvy,
test_esdixlryjg,
test_ubllbnjogh,
test_pkngqvyopo,
test_fowzuguowy,
test_vuikbearcc,
test_prqzwpcync,
test_yduralqokg,
test_idlsxovnpw,
test_hmozuoymoq,
test_bnnugadxpk,
test_bqmdpcaoqb,
test_atxgokhdbo,
test_sulujqqrpa,
test_pgtzopoclg,
test_foqoqhtprn,
test_gpahpplqfo,
test_ttlsqwtjla,
test_ebbwvnrtio,
test_vzqewthmfm,
test_glaqjmlmxl,
test_twwtwrzgif,
test_jnayaxhobh,
test_lvbyhlqbpy,
test_nemgxufezl,
test_ejjkqyidsx,
test_usqegmmcxr,
test_ykarnqjmvw,
test_crxeukysat,
test_xjycrduyal,
test_aoxzcchfod,
test_volmyiqzvr,
test_gxydrauhag,
test_hyfwnroxzp,
test_ustrqaycbp,
test_skvwkfealy,
test_oiwxagnqvv,
test_pemxpynzbu,
test_ksadwammec,
test_eedertcblx,
test_jaqnnflelk,
test_sikorcbrej,
test_ntjxrputyl,
test_iydlyqjdsh,
test_txfqmmbpnr,
test_sfgzdfvcbn,
test_qnvgytdmvs,
test_bokuwxevuv,
test_wkmpyavgve,
test_fhricpaodu,
test_bbjvtwznuw,
test_mlgxlpfhdt,
test_jthdudjhbl,
test_exwvypqcfi,
test_rcfdbecytv,
test_qcnloaghax,
test_vyfehrfqfi,
test_zrrkvhqubf,
test_fsxejaiupy,
test_iechfzqmzy,
test_jivxqsdamh,
test_qmihfephvs,
test_ljfxvecxgy,
test_amebwhrhwh,
test_iqhknjqpgc,
test_fcixnelrko,
test_djjxnseuew,
test_frghxdqgox,
test_vtgxxzeotd,
test_huthliqaip,
test_occcsajfvl,
test_xxgbwmvxko,
test_wkqidmancj,
test_kshmwqnvtj,
test_fcrolbfakq,
test_yualkrbhvj,
test_zhfjzhunkb,
test_ubmeupzgrq,
test_baaudwsxex,
test_xziqodlhla,
test_fyaturklwl,
test_mvreydlfyv,
test_lutppcvqel,
test_oicmyjpvmu,
test_wwgmegimvt,
test_deqwsmdhnk,
test_sacnfrwacy,
test_qjgtgmrsuu,
test_kxzmudcyde,
test_retchxzjvz,
test_skqfxkmacp,
test_dqiwzkufbn,
test_eccoqavdnm,
test_dahknokpcr,
test_fvxqpivmqe,
test_yflrafuqdk,
test_pbpujnxlze,
test_rxxfcotlyb,
test_sepvohtkyr,
test_kptrlisfla,
test_dqmeacpdas,
test_gegheyeflx,
test_eaxfuoohyc,
test_ojyimkohoc,
test_hyuouueixn,
test_wgmfvgwjdd,
test_oltfqumcdd,
test_ndkbpkdhjy,
test_ccpaftjlur,
test_wmnooeaqpg,
test_dsrymvduet,
test_cgeqscodte,
test_ftchifzbjr,
test_kchyhnqjmx,
test_tqtupxaozl,
test_aifmctoula,
test_ajkvuhscpa,
test_ztmkrtsixv,
test_wfwyqdpvpy,
test_ixfbdefvpc,
test_xacuyugjki,
test_zpkwiezxft,
test_dkjgxtvftl,
test_vdcpbkpjka,
test_qmngxfwavu,
test_pihnepfcqx,
test_cxaqgjkidg,
test_afysbrhhwh,
test_pdhcnikqwg,
test_svmqbmmoqt,
test_pvkwdsuumg,
test_cdupxqxdat,
test_hnpabhmllk,
test_rvlsgpcrbb,
test_psrlpwihrn,
test_mztoyvkkbc,
test_lxbzotnirj,
test_otfxmnrzzc,
test_ybswahukec,
test_ytvgzzkqfo,
test_upkhlhpaen,
test_nauodwhuql,
test_azqgivsngw,
test_nwejytwrzi,
test_vpmxvfqhyu,
test_ifzobjbxgs,
test_pjwrzuxahq,
test_fymzugvdic,
test_zywedsqipw,
test_dvfwbrskld,
test_wzglndurrb,
test_skbygbhqxg,
test_wytilacoox,
test_uevddrzvrt,
test_mpseshcllh,
test_epqbdeepug,
test_mcemzkbujj,
test_myrngskfof,
test_slnrxgciyo,
test_lmaezkpbqx,
test_rcebykthpt,
test_owlwlqgbfj,
test_wakgnrdhsd,
test_avshdzjndh,
test_kotsxwtdon,
test_tlcvuselje,
test_kncbtbdrze,
test_dndjshnbtj,
test_fwmkbigwrj,
test_acdzymeqju,
test_zdtmjvamjs,
test_dxresbwkbp,
test_lkvlcbcjfu,
test_ennpcdooxx,
test_pnjjaoshqo,
test_qciwkbfeet,
test_kduphjhcvh,
test_vuezajifnl,
test_ufqcggcmdb,
test_wswnpeulct,
test_spyscrwxjb,
test_oatczjlkoy,
test_feexiywlkr,
test_izhvwanojy,
test_ndawqeyats,
test_ysxbcuaycw,
test_rocxxdmslb,
test_suanrkqndl,
test_cagddhnmxl,
test_pyngymbmzu,
test_aopylrrtuv,
test_mqrzipbdpr,
test_yverpczdyg,
test_nhlkfzctyu,
test_blemscassr,
test_ghfjfxnjgu,
test_jrbhupeywz,
test_dmonpgiruj,
test_kdfygofdmh,
test_mfrxfzfdja,
test_jfsfygkvke,
test_cletolbvho,
test_zwfgjzvadc,
test_oeygwxeqps,
test_fqxpbqhluy,
test_gqcieirvah,
test_ideysrsipq,
test_ptmnrlhheh,
test_ylgbqmwiqs,
test_hwsgdmqzdc,
test_zgtxuxbwaf,
test_tuesicbxck,
test_apxuifmafc,
test_lasqqjyvvb,
test_ykzgqjngeb,
test_rgafzxwtto,
test_orfjhpsotf,
test_njjyrxfbpi,
test_vwqffqqgjr,
test_srocakmsbx,
test_envwabmocp,
test_kjhittcaxb,
test_rtaoqrbgbn,
test_wgajjehvgr,
test_iexzmrbxqs,
test_qvkpwoysnr,
test_wybpmzzbur,
test_ceeevuimub,
test_ijwjfzrxqv,
test_vdigqkaaan,
test_tzjrikdmzj,
test_vdeswbogtq,
test_tmcxivpjjz,
test_uluzwgdrzp,
test_dsdwoxdpkv,
test_eyfjenhdvb,
test_xyxuqlzwjj,
test_twonfviwrq,
test_sabbeheref,
test_pkiwwdqybm,
test_vgxzgdljhf,
test_mngdbnhdrf,
test_konmqulrgm,
test_laxjuyjnyz,
test_kquntjhwng,
test_zsqjazlmhh,
test_mnnzsbssld,
test_enxgzatggw,
test_rfgaglsxsa,
test_yamfevscsz,
test_wuqkbzyyex,
test_jegdupqate,
test_tzznehgbqh,
test_tlwqwpseud,
test_rbdchkivyp,
test_izpkeqjudo,
test_athninmkqj,
test_dfyqgwtcyh,
test_lllnauhpuj,
test_uqmjfksdjk,
test_kakkcqyytw,
test_laxglppfgq,
test_hrxbvwpzoa,
test_tzoajnatvd,
test_epvpzpihlc,
test_qvzvrqzyhd,
test_lbzgizkdst,
test_zvfcfdjvcd,
test_mofytdqbhw,
test_cdmcicmfyk,
test_qrexbxpyos,
test_wahfsqmmmt,
test_cljfmmahci,
test_aqdqmmvaqu,
test_tqxffhmxra,
test_oesrvuokxd,
test_hmrnhxgujt,
test_yjllmpvtwu,
test_nmvsydfvqm,
test_jaotiinynx,
test_wxfgnmvozh,
test_zpiejrycpo,
test_qintdwtfzf,
test_acalxzvuzp,
test_xyzakdyztj,
test_grxbcctvxz,
test_doompfnusm,
test_qjvluqntuo,
test_fjlwxcqpnz,
test_uvwnfgpzkr,
test_ribfjpzgyn,
test_chfsccbbcn,
test_aemlbbtycp,
test_djmggvktbt,
test_besxqltucz,
test_vzdawdlcoh,
test_ehdipodqdg,
test_miqrdqwayx,
test_itldiqahyq,
test_xnpcykpoqw,
test_znhwfmqhyd,
test_dmdzshdnfn,
test_lqubeutshg,
test_liiwctgqbp,
test_ktvwjfhesd,
test_ksjtvknxrt,
test_ybaujkrbih,
test_dumhxxxftj,
test_zurexjjkbv,
test_ffkwoacocc,
test_zafidtbvxa,
test_qangmlwkcg,
test_scmizrnyhm,
test_qwjhczzzgq,
test_nrrninowdj,
test_rjkkrrzygt,
test_mcuwtwjnpr,
test_osrxviavfo,
test_ewtlcyqxdf,
test_jrovncqhhx,
test_jxywlhdeie,
test_gcztlqbszu,
test_bjmbntymqs,
test_tuhdkhjrdr,
test_xwaqvisanq,
test_uxgmhwvuwz,
test_ucevuoieje,
test_xbwtinhjjv,
test_ohkzzftued,
test_pzhkkyzbxz,
test_hherpbfoad,
test_yvpsvnphgv,
test_czbygigvym,
test_mkxlajzmzb,
test_yaylkpvcyp,
test_mbgunskdmx,
test_skgmboqxum,
test_tzfanmbfzd,
test_qivdtdflcs,
test_dapdhxsinu,
test_kinuqgoino,
test_vhrnwgbgmo,
test_gscgjqrvac,
test_vkwrimegsx,
test_mdjgnqpfux,
test_erhhipwiok,
test_tepomvnpho,
test_esjypyanud,
test_qncakfizmr,
test_pedrnlxfiy,
test_lrextrrxle,
test_lnmzdfarhd,
test_dzmrvvpleu,
test_rrnzziogso,
test_gkpkjsssxx,
test_lkizroyxmr,
test_twauvinczc,
test_fpbhppoqei,
test_mcheqwboku,
test_apzlhlcrml,
test_bshdkqcoou,
test_eckekojkqx,
test_fiiqbctkqa,
test_elxothqbuq,
test_wygvlckotp,
test_jcftjauxom,
test_slejpnbhes,
test_ibubvlcabn,
test_hnyixrzcta,
test_qsnclpkyyt,
test_eqxaqjznwm,
test_mhsjgysgju,
test_glqxvoecxn,
test_dnwhxlvube,
test_fklmfhrwtz,
test_iuvsxnjcwm,
test_gtinpmmwtw,
test_bqzojpkvto,
test_srdqhswlhf,
test_hsxmnmahdd,
test_unyrpxjlpz,
test_khvpxgtjwt,
test_qbvqwoofhv,
test_yomhneuneq,
test_leakpciwwr,
test_mwsxuqufac,
test_plnwrwzklz,
test_hnnovokpym,
test_fwjobvrzga,
test_kwjzdhsang,
test_pegdedmmey,
test_aecwbncejs,
test_xuyvxbupcw,
test_vekpekziwk,
test_lfophcbmnq,
test_lqnizcpkuq,
test_xznebgwvvj,
test_izzvdhsrtg,
test_dekefjjbdd,
test_wwiwnohhrz,
test_ibtawfoopt,
test_cjouhpnkqn,
test_snrutudhfi,
test_gvvdfmmpsz,
test_wsouzgwonp,
test_mfgdxlbpba,
test_exwlotbwqc,
test_jpqiwhsmgw,
test_utzmciypef,
test_fsjyghrwdi,
test_tuqkomqrrc,
test_chfwhfaxkv,
test_mtjnygcmcy,
test_wacgqjfkkp,
test_zwlheascrl,
test_gweqzpdojw,
test_ihlpevhqgd,
test_smrsgtfkoj,
test_ycumnypsfk,
test_mjipawqpqz,
test_ncaipyvsbn,
test_euncvhtpkd,
test_spfrqvxrve,
test_lvdgyppzhc,
test_ijlgauuyzb,
test_eczmeggjpg,
test_vpnwtcnlbg,
test_wmnlaizjgi,
test_ptqtnjkdmd,
test_lpgjccdpnt,
test_bkcbiaynol,
test_jpuokrvzkh,
test_pztctdvzoe,
test_lrsyariwjd,
test_xftapfykum,
test_xgwlhcryly,
test_xoqcguzzfz,
test_mpwckwowwn,
test_dxfaunppau,
test_omkcsftuzw,
test_catiudjdky,
test_puxijwasmh,
test_omnigqohqx,
test_yctlcbxjsv,
test_bxczqcodem,
test_ggwxrcabjx,
test_umvoksijue,
test_kuxulfwtfp,
test_uwtcmilyeq,
test_fbjhqmcyeh,
test_expfzgxyvx,
test_jsvitcjrir,
test_suyexdwpeg,
test_unljgzqbjx,
test_oegmftzaqj,
test_xsbvozbavj,
test_jmwogvxswy,
test_nftmytmsiw,
test_tikpjkrkaw,
test_qxqfpuyrzp,
test_nlsjmrqtxg,
test_ckhsklyfkx,
test_rgvaxqxaek,
test_dzurfewtdr,
test_wtrjahabmb,
test_arkecfkulp,
test_wjzeoyjwkm,
test_mcxpzdjgct,
test_rgrgwoibru,
test_kdwrlsgxrj,
test_wsoyznaijj,
test_erlcgxvsbf,
test_ljozwqtxkr,
test_omqdiughtk,
test_idkncugfcg,
test_bxxifxbihz,
test_migjkllbmo,
test_rdilfkijww,
test_crtyvzuhsg,
test_kfwbnkrfxo,
test_kgblvousmt,
test_iuziuuhzsk,
test_jbumawgxcx,
test_iykcnplfwp,
test_focxweuifa,
test_kebdnanvzd,
test_xqdafqtamq,
test_rtkmwfnwra,
test_kanchscczt,
test_tykcklcxlv,
test_qwnquywmpq,
test_kuuozcpqro,
test_ovqifvpvvo,
test_muptpbnaqb,
test_cyhpgoirox,
test_seldklkftk,
test_ejbxgedgyn,
test_kpfdomffvp,
test_bcbtlrxbaf,
test_yjvywwblfs,
test_dxvskpjzwg,
test_qvpodcllnw,
test_tybbmxkepu,
test_tnwmovelhj,
test_lyokzwfcoe,
test_rsdxdseljh,
test_uqdauoumge,
test_opnmtkqrps,
test_hzswydrjly,
test_hvccvymmpm,
test_dxrhowbtdm,
test_jexudffqsb,
test_nkucekenpb,
test_kjgmblflyg,
test_wxlopunule,
test_qdwikbqoth,
test_vnmyyxgvnp,
test_vktoxmytuj,
test_zsurgrfsix,
test_aelidccket,
test_phytekfejb,
test_bhffxalkey,
test_wykmvvgjyn,
test_bblejxuanc,
test_rxdfimrjsq,
test_trasnnkoyr,
test_afwucycoeb,
test_inyudtevsk,
test_cjuhwijuzv,
test_jutqywuyeh,
test_ahauvtfhhe,
test_sqstpppkah,
test_rghgfblaac,
test_xpmtemackg,
test_mtquaczsdw,
test_ckbryphmun,
test_udqxhixozc,
test_vzdchkgmdn,
test_tfehlahpnu,
test_wjidiwmcfp,
test_tqwkdguebh,
test_ayxcgkpcxt,
test_hyamocbbis,
test_mcajchoenv,
test_aknriscgpw,
test_xzsclvqqxk,
test_trxpogbhdl,
test_hrnsqpwhrz,
test_ndypnlebuy,
test_ktafhsimsh,
test_nomijydkri,
test_tdlqhmzydr,
test_bdsgmkveog,
test_ptfobwyncx,
test_rlxfyrsvih,
test_gqfggzustr,
test_dqvmtskekq,
test_zcavcwvljv,
test_znwzbvoxdc,
test_gwkgexywdx,
test_sluvqnqyjj,
test_dpvtiuaehp,
test_mealqhvana,
test_titbndrfgp,
test_preifrtqxr,
test_uayhcfvnis,
test_leptkctcnn,
test_bhhtauehqd,
test_bryqdabftn,
test_zsmrymuvvf,
test_dlclhuuhmg,
test_szhrazbbui,
test_kjbzhmesff,
test_kdibjxtfap,
test_hfherimtyr,
test_bhmqedbtty,
test_cotuyskqod,
test_zhaygeugot,
test_ngrwzzyqfl,
test_itukjfekfe,
test_qqssfdurrk,
test_friilzmopg,
test_jofkcregqs,
test_tvzgtmuzrs,
test_hnxmpungpt,
test_wowojkovko,
test_zmwjrmqxxs,
test_frbacejosa,
test_njwgruruxi,
test_huyjdoocnb,
test_wxgbsajdsv,
test_rsqfrhayqi,
test_hntjohipur,
test_rsbkvoobjv,
test_ujhbsalurv,
test_ynklhfdpwn,
test_ftegdzyiui,
test_mlgynzvdtx,
test_lvdzzrqutu,
test_dyaoczwebq,
test_domablcfwg,
test_vtqaxeezqc,
test_shjcdgwmah,
test_iaurgxtgbs,
test_enhyywsmbl,
test_uutngcuhhn,
test_amciwxgudj,
test_hpwvtbxzai,
test_iovwetypcn,
test_lgxyfjrgbl,
test_jnsdeznfcs,
test_bxnqmvjccu,
test_ntiwuidugx,
test_pktdhwjgjw,
test_vxfbfpntpk,
test_cszbygbugd,
test_qzilvmazrb,
test_cpmdumxfrl,
test_snaxfycaof,
test_lesvrydsrk,
test_lcpagzrkgq,
test_uaaxiuevxv,
test_uynloygwts,
test_whcgzajrut,
test_isxepqbipj,
test_oaqdqurosb,
test_wiobrpkllz,
test_wnqsqzvofs,
test_tjsalzzeaj,
test_rrgodtnbop,
test_kfjktcxaks,
test_hztgpuxulk,
test_dnybugdkal,
test_ndlefjbdrf,
test_ukjjyygmas,
test_ubmtdjeaen,
test_ilpwtiqxyk,
test_ljwbjklenq,
test_zekrwrhndz,
test_kbaifxxbui,
test_ibtcyjolsx,
test_pdpzbxbyqd,
test_ktidwxfroq,
test_swcphwdqur,
test_ixgchtaufi,
test_xxuadyyutu,
test_lurnpjdncs,
test_egtnyaxjsg,
test_oifxcbkcoo,
test_hlyaebttut,
test_icrsgampyt,
test_afhkjljjee,
test_qyezgygram,
test_cgkjdnjriu,
test_mszceosgbt,
test_rutplcxrok,
test_vfgdhgdiyq,
test_ftxzyywlln,
test_cgpahqkebs,
test_fczvvrhwpa,
test_fmwzkimauq,
test_aukegarjwr,
test_tvnyydvmhv,
test_velkweodll,
test_dcskjxhmou,
test_tyhpimeyft,
test_gqkornlkrj,
test_ylvvldhtff,
test_smxmhcmklk,
test_voawcnbdyv,
test_jewmcnksvl,
test_fkuzjvnfin,
test_digikqjdzv,
test_uhanxkgypq,
test_flpmjoyxqj,
test_pqvpdygxyn,
test_yobqvombvt,
test_svunfyziwy,
test_hcpmfcmawi,
test_lhmdegvojo,
test_ralwknyscy,
test_dnqlvmvatn,
test_knkefhawww,
test_tdbqriohpk,
test_xsihnalqvy,
test_nkuznrzhmu,
test_wzcrzwkiyn,
test_wpepepfgjk,
test_tgeugioeny,
test_rvtqhsgpus,
test_qdbgswogwu,
test_cwlykfpzdk,
test_oyyzwbvpoy,
test_ygbakznyfc,
test_djmzydjsrq,
test_lclhogyygn,
test_uoqmurktul,
test_hmwjsobsce,
test_jwfxzfweaa,
test_smfjeuonzd,
test_mpsvguwrus,
test_osnzxodhgx,
test_hlddzjayoo,
test_ctvyyepywz,
test_vigpqfopkb,
test_gvdrltytnb,
test_ibjvfocvnn,
test_alsbqmohsp,
test_zvkosmtyrm,
test_vepuzmlkmm,
test_dmbsbrjuej,
test_mngqptsilo,
test_rvuffsumag,
test_qocuyfgqqm,
test_dmxadhqqbo,
test_livpmauixc,
test_qeavqlbreh,
test_pbiehhddns,
test_oynnihnhvg,
test_czezlualfn,
test_djwswjuafi,
test_ahynqdgukv,
test_ptcsfcytbk,
test_lbslybocim,
test_pfpaygowpo,
test_ixgjeissfj,
test_yixzndmumk,
test_olcqqdgutu,
test_ypllrbavxt,
test_bdoniqbxgo,
test_oxcfgakfek,
test_nggyizcbii,
test_siatnfwgsx,
test_kvyqgncast,
test_wujadbijhn,
test_xysqozscvx,
test_kitdbmtbta,
test_xfkbpxqsou,
test_xdztrjtzka,
test_abpvvysgnj,
test_sdubilfgyb,
test_upusomgbkk,
test_kvhjmsqacd,
test_vhzbjyczuj,
test_ifwztakvpk,
test_beykugpqch,
test_sxasiwnbmf,
test_mxfkeexfyu,
test_mhrpuinobd,
test_nsilqtihxf,
test_rklcbhxlel,
test_xktusqidmb,
test_cutgcsezuh,
test_lwuwwlaoos,
test_icmjnvnepp,
test_lrkvnngkjr,
test_iqnjtvdbpz,
test_fnwrtzwokg,
test_etykhhdtby,
test_xbneriblxp,
test_xzueqojzdz,
test_qpwlnhhnvx,
test_tlcxhjbmof,
test_irvsnbbpaj,
test_fqlscroqyh,
test_hpjnwqxerz,
test_bkdmmmuelq,
test_ysakvxadby,
test_tqrcauswjm,
test_swlneeqjas,
test_cheawbncwn,
test_kwphhrvpea,
test_tnxwrteuuz,
test_geysycmbko,
test_laqxkoyglg,
test_rdjkozzrzy,
test_azgxdazivw,
test_hjrlfjfzgj,
test_htguladozc,
test_hykeibawho,
test_zicajrlvhx,
test_kxxabubcbm,
test_ckzqphdlqw,
test_uaspukmuug,
test_cqytjuytca,
test_rwdexwivcd,
test_tshpovhjuq,
test_mbnfgnmlfg,
test_vvpcvgpuxe,
test_emchkxigru,
test_axsbmzofuo,
test_kgcaptvjaf,
test_bmzojwviur,
test_pinksxfcaq,
test_abhslcyoxp,
test_hhxdfmyddc,
test_fmwubdiosm,
test_lclzmpoiif,
test_mgmhqojqwv,
test_xzhrfhyzia,
test_xptbkpynlh,
test_wdhqbrwhwq,
test_hdalgnwuon,
test_zegkqdkanq,
test_dosiqrwvti,
test_dnjedwocjb,
test_ymatpjzngg,
test_hegcobvfbz,
test_cpafdelxvi,
test_myfkxyixyv,
test_zgksjdgsxn,
test_zdnhcwoeth,
test_axmiggofpd,
test_fkvccltjsb,
test_fuzilqeept,
test_wzfbktopbl,
test_zdebubephy,
test_kyclynucbw,
test_wqfokkxtvx,
test_owpjwaefgp,
test_vnoydmsduo,
test_woyltlgfkf,
test_pycigypjdw,
test_vtjugqdlwk,
test_yttgicxkeq,
test_emyljugili,
test_mgfrkrgupj,
test_gydttacegu,
test_vkosqbjcbw,
test_drbghhdots,
test_ksvutbutdi,
test_rnoefvcttu,
test_gtwejqpmed,
test_itjqldhlex,
test_bjprvfgzen,
test_moloounqbm,
test_eewmuhjkkx,
test_mtgtfkeunw,
test_nzkcclceyd,
test_butoekwwvi,
test_yquifgaqor,
test_kghqieuvfn,
test_ninbwvoari,
test_qqcsimzors,
test_aihldpweqf,
test_qxwoqfjlzx,
test_xncbredmth,
test_hynlsaehqy,
test_anhhltavkv,
test_ijiirwfvsq,
test_vguqrsbzsi,
test_qlgouttcva,
test_dsyncbanss,
test_yegxppvzqz,
test_carqxncpss,
test_rgsuznujrm,
test_dompjuelxx,
test_ckxxqoygua,
test_zwvunpoodj,
test_emrcptabpd,
test_fawraebvsa,
test_bjtyymedjz,
test_liwdfxnmto,
test_wdnzsritjd,
test_zcaiucetbh,
test_xwbwllsmbg,
test_baqaaukbei,
test_peyiwkehnm,
test_lukaodsvod,
test_mwezyotwla,
test_sreljoliia,
test_fmhplnznaa,
test_krqihdigyw,
test_zgmzwvbkyk,
test_egaiemzdoa,
test_grtuaywquy,
test_vjwsrvzbpu,
test_uewrtqkzwd,
test_pyeysfjcil,
test_mojybvqlnt,
test_eofdhwxnjy,
test_xbgriipflu,
test_lprlzoxyul,
test_ilprmaivdu,
test_fnfptlvidx,
test_vdkdfyoxgj,
test_stvrescidk,
test_ltestvfqqv,
test_ldvvlrtqop,
test_ibfhbwjdqy,
test_pdtoweahnm,
test_jxobhhfgnp,
test_kkacxekotq,
test_jqogivsczx,
test_aefeqnqasg,
test_sitojdzbyg,
test_zoaehxwicj,
test_dakluqnuqb,
test_eycfllzepv,
test_thhqqzdsbp,
test_fajmqrguhp,
test_bzdbpffbcr,
test_vukjigwcgd,
test_tibrbuofrv,
test_kcmkdrxmzt,
test_fyexdxmtnb,
test_jyuoowukmu,
test_bzoewafpab,
test_gikparrxkf,
test_pohxeskarf,
test_bhqtwzhask,
test_hmfeqtsmcc,
test_myqwjupwbv,
test_icagljrttt,
test_defvfijcsg,
test_mtgurzdour,
test_uhsfbdqgwf,
test_eioziuqref,
test_jumdywxmpl,
test_hafnzcuizi,
test_ymopndavpl,
test_arstvnxpka,
test_dxbdaldbfi,
test_zghgvwexau,
test_nrkjywezvt,
test_pxuemzosba,
test_rennxjmiar,
test_bjrooeikkq,
test_qtfvaozjtk,
test_wawbfbajig,
test_xemjjiwwya,
test_shjthgtpzo,
test_yhnbgzrxxa,
test_rabocwtody,
test_rfybnzarxv,
test_fmuiiolalt,
test_fxtrkhoxmc,
test_puowcljnde,
test_rfawjsepdz,
test_sfrakfvfxw,
test_pfbcqgmsur,
test_hhmxdjjhsb,
test_agbijgxgjp,
test_ilaxlnixjr,
test_xjogugzvbd,
test_veufijeyry,
test_pmlypjxyhp,
test_qjsbmnrtke,
test_falbpmfarz,
test_bthwiprjty,
test_gikxuiyszv,
test_frxedysgiv,
test_uiwaxntugu,
test_qtywmhpulr,
test_guqrptcdgs,
test_evueqddusm,
test_cxesdsiqhk,
test_jjqrtmwunx,
test_txstiyddro,
test_symcyhufnq,
test_qveaswrrue,
test_ruqzxtxkyq,
test_fngfpzfhyw,
test_vcrmglukqh,
test_vispljdtwd,
test_jpdgdjkirx,
test_slumsgvcen,
test_kfotpnqtbk,
test_izjdxbtjvu,
test_dhengxppnk,
test_kjktrdffpl,
test_sztlfgjnzx,
test_taihgydczc,
test_buqywasoat,
test_mapytgebkd,
test_ilyfxevyqf,
test_ojsznvzofw,
test_yeolxirqum,
test_ooecqqhjwf,
test_ryeleevlcn,
test_pdfgajugpx,
test_ctfozmjlbe,
test_uvntqgoarw,
test_xxiqqpvvxk,
test_fvxwoqrtdt,
test_pnmkluezly,
test_qyjdeabyrp,
test_ducpteacjr,
test_aznndbdbzd,
test_ikyijwknuy,
test_fanzbqtwmd,
test_bylhaomzmz,
test_wpfclfhnsn,
test_wecqwehlxo,
test_apzsevvcgo,
test_ipqxvairee,
test_qhapsjrsbl,
test_dogfaqzylu,
test_clpkjcgdnk,
test_ufecvlfamh,
test_tndzmtdwsc,
test_cwtokvulkb,
test_jkplgomtqi,
test_sfkvovdrnq,
test_utursexcvf,
test_jhlxuwktmn,
test_ejucczfdxw,
test_yxxjepetwv,
test_urfompwqaf,
test_fneppazdod,
test_itmsicnmvu,
test_xcnqwfxxxk,
test_hvcqichokd,
test_fdwnrnfjbz,
test_irpabkzqmh,
test_tffwdtlbma,
test_phducocgrz,
test_oseqcqnufm,
test_cztvlzlwwl,
test_eofzbnlivl,
test_wqtzxypytk,
test_hmgbdnxvdm,
test_jtvyddlqmz,
test_mqiwwlzdsf,
test_jltymoxkia,
test_yawylyxkma,
test_bqhazeftdy,
test_vgviaqbcem,
test_laapzjwxcs,
test_tyzdntacww,
test_dgmbuwkpcp,
test_jiemnwnevt,
test_himxzrhpnu,
test_sarvmsqjia,
test_dwbamuswue,
test_hczvurtcdc,
test_yoxuasuooo,
test_bqhfrmcgve,
test_yiejxubagl,
test_hpmfqgyims,
test_jtniwfdfff,
test_rbmhqyljaq,
test_hvldrjnvvk,
test_iszewmgiee,
test_ealbogdhwb,
test_yqwcxbuhtl,
test_masrmdabpb,
test_xuxfsbvkwc,
test_jbzxkfnvym,
test_bqxmhpbzeb,
test_abtfrdvqpb,
test_rygdqblfve,
test_dmwkxdxszh,
test_vhwchhjdbn,
test_ecrbujefzz,
test_yfybxlfpyz,
test_roodmkwmrk,
test_qlhrfverof,
test_gqjizlgpjf,
test_ckcaxcltzf,
test_rvznyqngdf,
test_onnzxszorw,
test_dkfopijanr,
test_ciwgvsjnby,
test_wvlpmzewug,
test_nzryuqxfaw,
test_abmrnavpky,
test_najtmptxxa,
test_oilauxslsg,
test_yowblisjdz,
test_dliahtnbvq,
test_ovivxjnheo,
test_qoxwacvewp,
test_letfjuhjyj,
test_ivnsywicaf,
test_isrdcyqnjw,
test_ricwfeyevd,
test_jgdasgzxfu,
test_whudanbfed,
test_blbqhpjyxb,
test_zpesuerbog,
test_esavagitso,
test_sjqqunxftv,
test_tanwzbmrzi,
test_yevihchayu,
test_tveejfvasy,
test_ntuewlerfb,
test_clubimlwty,
test_ayaosjfolu,
test_ujakvohrra,
test_mhjmisyzba,
test_nllpnuhxpi,
test_vvbudspizy,
test_gjtlncibhx,
test_arelbvwrut,
test_ildiexdwhz,
test_btoluourcq,
test_ywsdibgicy,
test_ixobavnimz,
test_lmtfothaap,
test_lzppwpxluz,
test_rvtxxnoaej,
test_hhqytgatoj,
test_hrtnwaktkr,
test_tueadoerqe,
test_phdwaeaprw,
test_obqxqlrdgb,
test_pvjsjyuoyi,
test_uwaodaauhn,
test_bwijjjuebh,
test_vzscuwxnts,
test_wmpaadjjtq,
test_oxebdnfbkg,
test_whpidqxhqz,
test_esqddbepds,
test_daklxfrrxv,
test_edukggecvq,
test_hfaringmww,
test_ghuwjhpqxo,
test_tyileorwrg,
test_wddosnrnzh,
test_ylmywoqeaa,
test_ddmktlraxw,
test_ryzudsfbba,
test_gqknhdqgec,
test_cbdvxpxzwb,
test_iojackkfjn,
test_khnbzkgwnm,
test_nbzixejggn,
test_ekdrsmbhdq,
test_fqkrnrdegt,
test_qqfevtfvbi,
test_lmjyikkgxy,
test_xojmyabkmr,
test_ubgjsnnqvr,
test_vhsehezmvr,
test_bgdubfmqvc,
test_xgghswyfru,
test_fuxmvvubwg,
test_swulsqnmwo,
test_mhsfrsulxc,
test_mhhdjojphm,
test_dmphvnkssm,
test_pqnyauawee,
test_penuwrcvsk,
test_rkkracfclz,
test_fwfdadctof,
test_apqiozdmsq,
test_abcohuwmla,
test_gujebisume,
test_bckqlytstl,
test_rujkrrykcu,
test_szihwrlepc,
test_eyvfgntjpi,
test_uqazwasrip,
test_ghwjyedduz,
test_fczljoetvr,
test_iujgbwflzr,
test_lrxqgmjsrz,
test_nlzlqtinaa,
test_gafrlzjcuu,
test_fojmldwspz,
test_yqpwnbfhyz,
test_obmzmwtmxv,
test_jqpqlpdpxn,
test_cohruksand,
test_jhgwycprhe,
test_isxosfnxrx,
test_nfmlttggsm,
test_mpokxafsxw,
test_zvzjdjhbge,
test_hsepubllkb,
test_rliklnwhzp,
test_ohtrszcqla,
test_iwleuenzdj,
test_heegrgvfok,
test_lwnyiookdj,
test_zljidmzxzl,
test_fjbmduunzx,
test_nmnrnfcybt,
test_tjmjeumyft,
test_hrcgiskqcc,
test_tnjwelftou,
test_balzxqleqq,
test_aeogfwzndm,
test_svauhlzjne,
test_xwvhqmuhex,
test_fpvwtfdfvx,
test_pvveullyiq,
test_eljcbvakza,
test_aupmimdjmo,
test_duexwfbkye,
test_ieligyrwoi,
test_hsqlfuslfd,
test_vadxngjqpw,
test_dkkgcqitst,
test_sgygmhvmlz,
test_kocauuafwp,
test_jbtatpilaz,
test_sdhcghwejq,
test_shqntscusi,
test_bbnugamong,
test_zlsstocyhu,
test_yvjmppjrxu,
test_utofludngl,
test_sqjswjaeql,
test_dfhezocmhe,
test_pieoozslrj,
test_jwejwgjyah,
test_ymhwnabmkz,
test_brgmxaskwq,
test_xivhjwzexu,
test_stnsomvxlx,
test_eueoqudeiw,
test_vqrqtiarfz,
test_vjnaasxbob,
test_clftyqwrct,
test_mivdjvmxra,
test_rwtucpjaqb,
test_szscquegvc,
test_ymwuybvvtu,
test_wlkksvpbzh,
test_pvdmcuzmfi,
test_fpykatejzp,
test_djtpildzdr,
test_dzlykaijzd,
test_nrekoiaoes,
test_oefxzhfoon,
test_jquuwcgsdm,
test_lcieludzju,
test_ntmgqqblhi,
test_jdrxsvnywb,
test_pcojylfkyu,
test_yfxmfeafou,
test_ifxlxacuqp,
test_mietrgpmhd,
test_qkoqhwuocp,
test_cbdayaewzv,
test_wgybsqcmdt,
test_awqxubajkt,
test_jccgomvdqn,
test_xrytdtiord,
test_kewtsdfpts,
test_vnngjxqngc,
test_rigdrdprqk,
test_qkdoddvtgc,
test_pidpydxsif,
test_kytakgtwyv,
test_fixneinmce,
test_rmuwfnssvl,
test_bqvikbilpt,
test_awhwvskhrn,
test_sdqdqolnti,
test_tlahlbmube,
test_oamfiaghgt,
test_fximspxcuo,
test_vudrzgvvln,
test_lkwkxvtpbg,
test_pbvrlkcimm,
test_jwhfygbaij,
test_izvjuehbcv,
test_ueepeelzws,
test_lmiyncsozl,
test_upvossnoyr,
test_snkwduocsr,
test_auesyxviar,
test_qgpksfsbdy,
test_pqozyevjev,
test_bwwtpnrvnx,
test_lzflefvumy,
test_orbrytmrmb,
test_kvzhofqhih,
test_ifoqldtckl,
test_xariiulugp,
test_roevwlwqif,
test_hxdtauxawp,
test_rqhkcflzsm,
test_gvbucnqfzh,
test_ohqoqhkgta,
test_nxdjblnftv,
test_gacohglpuo,
test_hcvbexnbxc,
test_bismmceldi,
test_ytzulfsodi,
test_clurjkblej,
test_vczeyzwujd,
test_bzjeizyjdh,
test_rkymoighvd,
test_hstvlkuofq,
test_bjnjdfkbuf,
test_puisyjsojp,
test_iloszfbylf,
test_tlrdjejhuu,
test_sbexzydnas,
test_egivhifeiz,
test_wkfxavqfxh,
test_dlrvaatnhq,
test_etryjsxvov,
test_nnqegnszbb,
test_mxvqsxdtiw,
test_xahkgierim,
test_uoostiipwx,
test_cykbihvfor,
test_uzgjfluune,
test_wvmribwcbg,
test_qbvgjqbryy,
test_djgsgivrht,
test_tzvuhgrzru,
test_jgqkuneocg,
test_jebivpebdi,
test_pbdvrvelbo,
test_hjelropntq,
test_heiolewpfr,
test_fxagslgpvc,
test_qxjbtgppiw,
test_sjxiswhneb,
test_qotzvilmoc,
test_plyfrcgvsr,
test_ajgeuxsclk,
test_gtflwfqvyi,
test_smqeaguann,
test_qtpfqbfdbp,
test_bsqlhijrki,
test_wpzuoydgzj,
test_wrobmzwlfl,
test_lfnjophooe,
test_rthmpkgckj,
test_qcxsmvowqb,
test_webqqjzpua,
test_qevoyhesvu,
test_hmclrjvxxn,
test_vinkxgkafr,
test_zyrozpfzya,
test_shayfefjmr,
test_bgcnxmhohv,
test_qecgsrrlxj,
test_ogcfnahval,
test_ycjjvbqelp,
test_wgxyjbdjze,
test_fgvfcvxanb,
test_lduxtdfgvr,
test_lgmhxkdogl,
test_xpxsahsdpx,
test_elktshdktm,
test_bjpbvoioip,
test_rjgpbzythi,
test_fdrmwiucvn,
test_aquqmstuzf,
test_knvjvtkgfu,
test_lxugelkaxz,
test_lcvfoptttf,
test_feguqswrwk,
test_kbyzwpddld,
test_ugmvoebmca,
test_sihcvqebra,
test_smiuvhsffo,
test_uirxserqjk,
test_skinwemhnb,
test_hcquyczzrr,
test_frzfqzwwys,
test_meakarlctn,
test_eictdxosxl,
test_vfbovqabtn,
test_pfknsjmhpb,
test_ylgsviazzu,
test_iljmbytiyv,
test_lranmuzlpz,
test_aljzfwpkbc,
test_rplrnahpmh,
test_bhywopohtz,
test_qonueauojn,
test_adwdpdvahl,
test_fbdmdsvyoe,
test_ubkkdczhvf,
test_dqhdisissg,
test_clzoulzmzb,
test_spoaqfacmf,
test_pqtygfscxu,
test_umehgyavzv,
test_ptrjrcgiou,
test_jukjvxdlxd,
test_dviqcecbyg,
test_esoguzrtlk,
test_wahoiwsmkc,
test_gjfhflzshf,
test_emyazxiqvl,
test_zwfpaigxqm,
test_sjbsaapmvh,
test_rrzgkokfkq,
test_ptflbbhtxm,
test_iterjeioiv,
test_djyahvgodj,
test_naxxfuasmr,
test_lhhhevofrp,
test_keyberefsm,
test_fgianolhof,
test_dgxttwidbg,
test_ppsllrazcc,
test_rkudyrgllz,
test_lqfywxidlu,
test_pvwjqamdur,
test_kmbdunwmue,
test_mdaxgjvcke,
test_dacpyntwnm,
test_rnrleqpdgq,
test_bwrtasebmd,
test_qvappzzqoi,
test_cmlhizaapi,
test_fcjuwqoiuf,
test_pthirdovwj,
test_pdafygygtq,
test_gucyiptyda,
test_jsfoqqqwvl,
test_iutcxqdyui,
test_bitqjnsfis,
test_qeomfmbwxa,
test_emkxnhkdbo,
test_oxlwdyadbv,
test_zuezkengsp,
test_irfxxyfgis,
test_grsxeouftm,
test_hecfwnjagt,
test_vnunrjofjy,
test_yrbyjbsbjv,
test_hgcjmjbdyr,
test_ivwdvehhge,
test_spgbqvmnav,
test_cipgwncquj,
test_hyiirnmecx,
test_wykqwqokvc,
test_fumupvhdso,
test_obxjyfmtxd,
test_wgjmznirgu,
test_qcahiqlmvd,
test_sqkkcottfn,
test_janjafxwsr,
test_mhljjuqizb,
test_mhkkkaugrz,
test_tiwscutacq,
test_acbkdpmjut,
test_utxqqmueww,
test_wpigocudqu,
test_jmqyeiwmjm,
test_tahmzqqeoh,
test_zzdoohbgtr,
test_qjenfuqvjy,
test_qummjzpvek,
test_tamujeeria,
test_kmemoiotvq,
test_gnljnvusuj,
test_qxezsqmten,
test_cuqyshzrtu,
test_lbyiatxktk,
test_puzyseeigx,
test_lescnsibuc,
test_okyyxdvmtn,
test_tnhephnnun,
test_iaeapkvgvd,
test_aopauztlyt,
test_aebhilokwn,
test_saqsljexma,
test_zhanovfeqk,
test_cfyvmdayzz,
test_otzqrdhbxb,
test_hphrlzhjew,
test_dlxigzbwzo,
test_vjcqeaaltq,
test_hglkofslxz,
test_rvuhshuwho,
test_uamuabrbls,
test_sgvbzfuihd,
test_twngorlnvr,
test_ordiyhxewl,
test_ooysufvhng,
test_lzlhvlwsgn,
test_yzqadjssgp,
test_ksmvetrije,
test_dyuwjwfulv,
test_qnbsvbywbd,
test_rbicjlnwab,
test_qkcmsxvozx,
test_eqtjrvajob,
test_lncdkxcchz,
test_bpzpziywuo,
test_yojsbpxbet,
test_kcfrcbpamj,
test_gkkvxrgwlp,
test_ycbcrazyrv,
test_oicqlcszny,
test_ukmciajogj,
test_ddymuidfzn,
test_feksdeyxeo,
test_ljibtiottn,
test_rmvdyzllcv,
test_grhgoqxljy,
test_cthcxxlija,
test_xzejrcxjes,
test_uewjtjcutq,
test_plkxmzrefq,
test_ayiomigypn,
test_rouprwinyq,
test_fhixagjtwp,
test_aoexghckll,
test_qgjsogmvlu,
test_banjailyrq,
test_fgfqkismky,
test_bjidzvljng,
test_sdwgldiqlg,
test_hopafnvlhv,
test_dkxkniuegm,
test_ranjyjgezh,
test_glywnfuexf,
test_tgkhyojtqc,
test_vbgduxxgnk,
test_pzrloxywnz,
test_vtjkorjjpq,
test_zllfexyqem,
test_ioxpufdlkq,
test_fmnppszgkj,
test_veavsdqlst,
test_xjnhtehowr,
test_fmtzjbruhp,
test_aunursaeqe,
test_orxfhheydm,
test_muotwxvuiv,
test_yupnxhdcza,
test_hvayiorije,
test_oyanryaifl,
test_vozdyczkuq,
test_ihrkouayoy,
test_jvrjjzaflc,
test_ynrniugnrt,
test_orwfcfmsxl,
test_fwixrmextq,
test_xbuptpgmjf,
test_ccdcjkapvz,
test_jpmscvvnze,
test_huyqaypoan,
test_prsoherdkh,
test_zqoxoxfocs,
test_sybtnwclsm,
test_tfllvwygtd,
test_cocctvnkfh,
test_rjooihhech,
test_lgxxhtjzui,
test_cyrcxtuflg,
test_zyqbjwgeoa,
test_mjzymdjsjb,
test_fxzpmzfcoq,
test_zdusdkengz,
test_xnhextrtas,
test_bdxvlplqlv,
test_yrvkikezlp,
test_kfvfzfjbaq,
test_ytwyzeguzz,
test_sjdaumvwbk,
test_ifvlpjzdxk,
test_drvulpwvtn,
test_wsyrlhjqpi,
test_tdnnxalffg,
test_jegxgwfjqe,
test_fwhiremhwh,
test_orhbxfnrfv,
test_kxjkxzsawe,
test_ykjmjjepgp,
test_wtsyiyulhd,
test_pozupoiwym,
test_rdctnazobw,
test_vunupqpmdv,
test_hutxcqwybn,
test_spgqnqlmev,
test_gsvscryxvo,
test_yomxvrxdpk,
test_unxdusjcyu,
test_nptahzistf,
test_cqcdzqklct,
test_cuctiuueze,
test_dvijdlhcwn,
test_ucohliekgh,
test_ugdttvjwvo,
test_flwoszvosn,
test_dzobbrscmg,
test_uomdtnrfhu,
test_vnyupqxxza,
test_mtzziotzjz,
test_riimtlsefc,
test_acdkgnbolb,
test_eykbfqqeed,
test_gzdrumxclx,
test_ezuxaugmyz,
test_sjnelwrycb,
test_hnsnzmngcn,
test_xxdamitotx,
test_ntncbqvvsf,
test_hjoiaagsjw,
test_gybdduwkbt,
test_urxjvhbvvz,
test_ruklfdthin,
test_hqivmccrqn,
test_inamwgwbyz,
test_doztrnjpgl,
test_uukthhxika,
test_evypqlyuoq,
test_ugkvibqwgb,
test_reyqvjdigu,
test_tjtazpjcqm,
test_pxwwygtfms,
test_nsmpyaznog,
test_gilgcxhteb,
test_oxfaadsxwc,
test_ubqkwuxmpc,
test_ciryfejpjs,
test_njpmfqamrd,
test_vpstxcyhik,
test_yhfaxpxzax,
test_wzfepvavft,
test_owhwkkiean,
test_pcvzuiodtf,
test_vdsuplbmtw,
test_mgwzicwgcd,
test_ghaenjjqfu,
test_wncmuxwrzs,
test_twamwzflvv,
test_ijezclkhdp,
test_dbtvnvnmpv,
test_zrplngigvo,
test_dtdsfmjxog,
test_bycowqderx,
test_morrxukueq,
test_ssbvjpvtpv,
test_yyueqjwlip,
test_xcdizqqsil,
test_kfchboviib,
test_fiwwmdhisf,
test_dftbnnykss,
test_pcevncgqwb,
test_talnnwqnla,
test_ksyloktwkh,
test_kzgowlygxr,
test_uwjulosolw,
test_ztwfsduigo,
test_qbuvugnjsb,
test_yybdgffhnz,
test_pfazsaalqw,
test_lgitespwmf,
test_rtwrzugdlf,
test_xoyyyfadck,
test_macrrxilgh,
test_czdfxxlwjb,
test_ujvllhqfgs,
test_wrqrnaqnxm,
test_nwpvpdiryk,
test_ynatenlfds,
test_orgogvnlvo,
test_qoaroxhdqz,
test_hzmcslaorm,
test_wuxutzmzjm,
test_eeynjtabhh,
test_ghqaqwbprt,
test_xqtcgzygkt,
test_fpyieyxqzt,
test_aaowsiucei,
test_rneriqoyby,
test_pyzqnwgzew,
test_vvvbzyujdz,
test_mwpxyjprrt,
test_wpnmhyaaqh,
test_gfvibhdeup,
test_vlxghtygun,
test_walovnyaxo,
test_rpawxizrbs,
test_daeeguesjr,
test_opactfrrtq,
test_ultkaaxcqk,
test_mvnwwdgcvu,
test_rhokympuux,
test_rgxhtovbyi,
test_yxntxkjwku,
test_lcuxnryikr,
test_tgdsstozor,
test_ccxttdkzkr,
test_giiychgemc,
test_wtkdntzhcw,
test_vxeqdwsgwk,
test_dhrjwlmrvt,
test_gahxcwugrd,
test_hvmmuvetcd,
test_kwerwdszid,
test_ovnfsshhsr,
test_bfentvfgdx,
test_msbcenhisn,
test_rfntvisxuq,
test_enfkbhwhdq,
test_mjonbmmbmi,
test_rbscvrcxee,
test_kxoxtgebih,
test_bbfzjturnh,
test_uhbbxjopfb,
test_dhizbchbgn,
test_txmicxuyvy,
test_vpdsvrhqya,
test_iyfuqbobcq,
test_peoydlslip,
test_kinxavmfrd,
test_ckyawmynxd,
test_qouesdpnod,
test_bfevephyaa,
test_plqwblfwir,
test_bskpemaskz,
test_jmgianibnp,
test_kxrbgajlai,
test_swidxrqwqo,
test_axopegqddn,
test_skuovfkuyi,
test_bwhkizlvdm,
test_yebopmfvet,
test_qgduzivaem,
test_qkadmmldub,
test_iwejgthtjx,
test_awpwcetrjo,
test_omysevitdo,
test_tkuaaiysqx,
test_rmzghmibop,
test_wxzpqellcw,
test_hqlhbbqlcl,
test_osihipekkh,
test_dqyrjaqjff,
test_tudaidoqic,
test_lgqeacycaq,
test_usrtheuwgl,
test_juudhkmuib,
test_ybykutcyic,
test_mnkztfolwo,
test_fcndquooxc,
test_rlfzmqbqvq,
test_toyqfrruip,
test_cpllnmpsyr,
test_dijpaxytst,
test_tgvldgtoer,
test_quitnywres,
test_auxyayahns,
test_cduzwxvcyk,
test_gllaazwrch,
test_whrugdazbr,
test_pstenlzlqo,
test_kzoubvwccc,
test_hmcmpihgak,
test_kjjgxqntoh,
test_eugspsjycg,
test_lblwtqtdyr,
test_lirudhlcwb,
test_kusjwvyjgx,
test_rvhkyilvkx,
test_oksviqpecn,
test_rypxcgbktk,
test_rdruvddoep,
test_ayoiceqopb,
test_fqlvfjukgy,
test_fupegbkguo,
test_hcxmlpkgcl,
test_gnybnhqriv,
test_xxtbmxyift,
test_orxyqekypn,
test_rvftrvospb,
test_niftlegijl,
test_eqtxdsidza,
test_wnjqcikkai,
test_igpyhjogok,
test_iunfyxdrxl,
test_bampkzybth,
test_cvgetoyguu,
test_xoiulaygfs,
test_ozrozplihl,
test_vrujgmsbgl,
test_gmrqtfaytr,
test_zofgustzku,
test_nogjucsssq,
test_fivzvmykem,
test_kctlmalgaq,
test_kxjglhezbt,
test_zgnbazcdky,
test_hmxnluqwsu,
test_fazzzvsluy,
test_senbwqtnip,
test_xrahqyfnmp,
test_zuywjhetfx,
test_glxpfyvdda,
test_hbufwpxnti,
test_eublfqmrnz,
test_ictauwigsi,
test_tjfpzonauy,
test_datdaegnvh,
test_psrvqjtidj,
test_xcbxfvbbcl,
test_iecdjqighy,
test_kgteclutbt,
test_bwolkvhurv,
test_gyipljflul,
test_lemaltqzvd,
test_mbpqhzfcvn,
test_lpqhpyngpl,
test_mjvwgtsneb,
test_bhmbqnxryd,
test_zhdgdggejd,
test_fkyyattkup,
test_smjzyhgwio,
test_jmttullajn,
test_ezcfjffvdm,
test_zifwqmaelh,
test_czryddsule,
test_gxkccntppr,
test_gajhdiqymg,
test_fbmkjkqrqu,
test_rrmrviknqa,
test_rklkvkemei,
test_vunzvlgnex,
test_iufmmkngwi,
test_mhomvavrkj,
test_httqyjpakp,
test_xhmkgaigtj,
test_uxyztwycna,
test_euwwtzeefs,
test_zahtflnrqv,
test_cnqsbqtcrv,
test_llycbkpzvi,
test_fdmmxrgorm,
test_drcvqoedpd,
test_hobwcwbzyq,
test_xkgwsipkob,
test_gnjwkqntnu,
test_qiuhcbhbam,
test_esjbnvrgaw,
test_ednvygpzst,
test_blajuidakq,
test_vupauajcwb,
test_krsyvzhfbq,
test_efnjfxzvxh,
test_eymrtmdqbg,
test_qzbfkmqlcb,
test_kyhpudahob,
test_pumkgwsdbv,
test_nfluebvszs,
test_vzbtcfkugh,
test_hszcfxigof,
test_eylvdvewql,
test_ttlsgavpqx,
test_tbhyaxtdqp,
test_fpasedyvod,
test_iqoekawppd,
test_ixajwfdjyr,
test_lbgulpqoog,
test_yyeppwyuqy,
test_xnrdpftvla,
test_khjpnwqwjn,
test_ricnlqnqmz,
test_gvgrvhxxre,
test_uxhhrcjduj,
test_gowhtxkkbq,
test_uyhlceyzgj,
test_kuahoeemjy,
test_ymirbevdyp,
test_xolbjlezjr,
test_rsfzmezuuf,
test_yaulrotkxz,
test_btvchddexi,
test_ppfhuqsdkc,
test_ryurjvkych,
test_laiwnfocfl,
test_tnggoniglm,
test_pvrgmveukc,
test_dzrtguwtif,
test_zhqmjtwfta,
test_chipeadrwz,
test_fhxwssmljd,
test_jqdjaebbsb,
test_ashgcgbffx,
test_allkxqvrim,
test_fexvnfwptx,
test_njkzymbbut,
test_supcysehea,
test_lgjohjovpp,
test_srregrpcpq,
test_stbeakpwqz,
test_tuzsetkgxs,
test_kgvrlzwahi,
test_ijlelmboxd,
test_cfhzmtmfto,
test_mdpdhhejue,
test_fjzttmuzax,
test_yfpmgohmes,
test_sgzikokhfb,
test_vuuebhdykc,
test_ppkhglqjyc,
test_atevxbxrfd,
test_xxmaentkuk,
test_qqzkkfnrkd,
test_xifhuwdyoy,
test_zvsqrqrpuw,
test_zcposoxaio,
test_uvjvxzwmet,
test_uzhgounipp,
test_guotnfmvue,
test_iecqjilwtk,
test_hcwxikiyax,
test_mcdfssfqul,
test_yrcstvemch,
test_xpegspyvwn,
test_pozukuosso,
test_wkbmnsjkdu,
test_arkeaokide,
test_uhxtfcymkz,
test_mpxmdsvbin,
test_iquauoqctf,
test_mqqyzlpkxn,
test_peockcdlwu,
test_sgylwywstv,
test_uqlvhpvbfx,
test_uiovpzogqi,
test_nvkwpihmzl,
test_wgrktzepsl,
test_ibsexxofjf,
test_gmdiqxoqhw,
test_ytpmuliuky,
test_lhqcqxsupx,
test_ungqurovnc,
test_xnrurmjamw,
test_sdyntslwqd,
test_efdwrxgvod,
test_hlrwkmvwbe,
test_rkslwtubbu,
test_pcperijjhs,
test_ibywtazyso,
test_kofdtcjynd,
test_dpbimtcxki,
test_ixsejpjsfs,
test_gvzvwwsvmo,
test_rjerqjbbgx,
test_fchihphsps,
test_ixzrgdvneb,
test_jdabfehrfe,
test_hzvdtlkuiz,
test_zgvyufyzkn,
test_eipfbbxtgb,
test_qfbhfwbcuh,
test_eznzhthlqb,
test_himgjjsyno,
test_hjglnnwekl,
test_eicnssgber,
test_xwzrrxiihm,
test_whcupydasj,
test_lxzdpbjkzj,
test_zhfflhsjis,
test_zgtykwaylk,
test_rerwkyiufv,
test_ybteoyrsem,
test_qpkabnbdrr,
test_cngcirsryo,
test_kukeddbkby,
test_ietxvkojpx,
test_xrxagzpioq,
test_socgmrxmrk,
test_uaogqebhxf,
test_qrweitgtmy,
test_rmipdohlti,
test_mmfewhufls,
test_qayczyiryx,
test_enzibxpxfn,
test_slrpuntmac,
test_fubjkpiueu,
test_ggocvmtvbg,
test_srutlvjjai,
test_kkybsxbqnr,
test_zghipvxhkq,
test_hcqmmcxrmk,
test_fqaayncxpl,
test_bnpeoctcch,
test_lehsqcwzvc,
test_kiigievxvd,
test_ftsnjihrpk,
test_qnxoacpqwh,
test_jajbbyozye,
test_dryqszrrhn,
test_achllnmnix,
test_yebmymroji,
test_obchpqxugh,
test_ociksqyadz,
test_aobwzdbnim,
test_ihcphpgewk,
test_nteqklvqmh,
test_oizauotrqr,
test_ayughfqxsu,
test_dgischrxtc,
test_vscnzmhaob,
test_lkoxxfopip,
test_symlrfewva,
test_wxsdplzseh,
test_gmcqvgkakl,
test_jenshwjkdd,
test_cjjqezfklh,
test_zjmuewdvhp,
test_lmjovknibn,
test_grtykjuqze,
test_obyroinosd,
test_yahulpnmdo,
test_nqjtpoacar,
test_qwctqcwuqk,
test_yqxaikfrya,
test_qpunoezwqp,
test_yskiylkpcq,
test_jjswxyfthj,
test_tdqtfwgyba,
test_cqtuwpjzol,
test_ccpadvubfn,
test_rsnqrmreix,
test_bhhccogxfk,
test_rqnbgszghr,
test_ykqgkoutjw,
test_sjjwueriur,
test_kcbcwftkqf,
test_xolkknazpf,
test_zcwchveslw,
test_guqkcddmdv,
test_ppwnwglodb,
test_mslxptszim,
test_fvoiqlbbmz,
test_lvmfihkisc,
test_yntymrsnaq,
test_dytbfrvmcl,
test_bzrwwjyztd,
test_opovsdqdrm,
test_dijkueedqp,
test_emhqzqhklo,
test_bbpgubhylc,
test_smtjabbmsd,
test_fsmgvvajqf,
test_bebesaqixi,
test_wbjtuhfnol,
test_vjhyczenmo,
test_rwcufnxfdh,
test_ktvcewzxbn,
test_zmqzlimzgq,
test_okfjxhfwvh,
test_sppahjihtw,
test_djhcnvsmac,
test_gpbspkqczc,
test_uwoarivziv,
test_pyyyjrypnj,
test_gcsavohwpm,
test_ittfrsdkew,
test_nundvntnqj,
test_jcmojjfime,
test_sezxpwnclr,
test_usbalkotlc,
test_fbzrlfkujw,
test_ocethzqbxb,
test_zrltqthkvs,
test_bhtwttqmhy,
test_sqloatycqg,
test_efphjyyrru,
test_lylfoafwkj,
test_ozijvwmjpn,
test_ivnjrxsyqi,
test_ahvdgiewjy,
test_dhyzuvgztd,
test_uxmjuibmva,
test_aplwdjyepl,
test_cjumfpxbsz,
test_bkxhrnawig,
test_xpkrrwtajk,
test_iyjaushfsm,
test_ywuwlgzhag,
test_xlucotfyfv,
test_xpmirmecru,
test_cwbimrwftn,
test_icqbdorabn,
test_umimgiczlr,
test_vionwlbcqj,
test_qgnhbyqexf,
test_pmqhcbgaap,
test_hkwjazvykr,
test_jpanzuvspy,
test_hartzfsccq,
test_jjbzhmeucc,
test_cyhipjenwu,
test_lnfjekranv,
test_znmcmloqpj,
test_yyvafqhwhv,
test_ttgymgofdm,
test_dipmakwcnh,
test_bbsxnmjxxe,
test_cagrwljicw,
test_rqlmqrnwdr,
test_jawseroimq,
test_uknvgbtymg,
test_xhkbjkbiet,
test_crpbqvihqm,
test_irinvyoxvs,
test_jylcubhlju,
test_gwtqwmdnmf,
test_vjhbihqoov,
test_hewwmmyxmm,
test_gtcpvhvrpj,
test_iwbpjgznqg,
test_yggapludst,
test_fszkwbtxwo,
test_yrckvfnrlt,
test_jxvglzfhlq,
test_xnkcdtlmzq,
test_xenyqjzmxk,
test_xtacjeuclt,
test_zmhvqbappf,
test_ucxfmwawzv,
test_wadtndbyhg,
test_mxwzumsuhx,
test_ddmqeoeczc,
test_dlzbflzkxt,
test_oklqcgngdd,
test_jdqtiafjct,
test_xwfvgpktuv,
test_ixwyxuiqqx,
test_jgzqopynkg,
test_oshnmiiydh,
test_xejunmplke,
test_gvzmhikqfy,
test_cppsmsreuv,
test_xvjxrxpmea,
test_kypwbstlfp,
test_frvolzvnwn,
test_aecrmkyhwk,
test_edjtirfcbt,
test_pswbntmbmo,
test_biexmdyjlg,
test_vyzypdlyqx,
test_dftillqbnq,
test_qqhmbjzfvu,
test_bzqrmeiawn,
test_wqboumuvfp,
test_pctyecmyrb,
test_oumoqupqvi,
test_yrvfjcxsff,
test_ibmlefdysr,
test_zizzpmwvhw,
test_dfeklqjmup,
test_gmrckotksx,
test_mflemvxmrd,
test_jhbxffbgoq,
test_aihtkfjrmm,
test_puwcngsdpd,
test_gxbcerycdx,
test_pbvxyhysif,
test_hkrptseikv,
test_qnlwvoneuq,
test_lbnjwlhokq,
test_wthefqxtux,
test_etuclkgflj,
test_dacpxlxswo,
test_eenhrwifua,
test_trcqupqcpi,
test_qqejvnlnis,
test_yolgukqcak,
test_zcjbhcblfj,
test_unrgnjyliv,
test_rbhcretyyd,
test_kbpfcluhkw,
test_xbhkowzdng,
test_yxyralqwif,
test_dkpwmuiseh,
test_uqjceqrywb,
test_rccuqbwfnz,
test_otxbmndyrg,
test_yhkgtwpxpw,
test_xfkorlrevt,
test_qskqfsbzke,
test_idsuaisaae,
test_dsfyqyzpvi,
test_whfjdizmur,
test_hbhjfiduxt,
test_tlnjxqqgge,
test_okavibkehp,
test_mblohdsgss,
test_ctjlhbdscy,
test_dugppbfepe,
test_ykowiuzddg,
test_ljwzpeniuk,
test_lkkkfritwo,
test_ualiqjgbon,
test_qvudgbhalw,
test_xjelmzltyb,
test_rghheijjom,
test_wvbpgclwld,
test_ufudgqnkiv,
test_gxevyiayvy,
test_toyrnfnksg,
test_ndnkmfmpbz,
test_eecyagaspi,
test_rdzcfpesiv,
test_xsciopqure,
test_updrpycvqq,
test_rqanhgtykr,
test_hyjqxnldpm,
test_sbqfjbjpvb,
test_fmnigkqqbp,
test_cexcbzehxi,
test_xqghiwnhqe,
test_eomfpilsuk,
test_yicfqtwfyr,
test_kqeqpjwdhl,
test_yanbosvani,
test_btksinslii,
test_sbumlgphgt,
test_nmqbackest,
test_xiaexahfqb,
test_kplowbyjpw,
test_nwijcbrfjx,
test_spmdbgpxub,
test_rzfypmypvh,
test_xmccvoqyal,
test_osdsxiegog,
test_uwvlipsusk,
test_agbbkvblls,
test_seqzkjhoag,
test_xgklghtfkp,
test_rltgwglyer,
test_xsycxxzjls,
test_vbnaelxudk,
test_wsuulzvnyp,
test_njosfwlwqq,
test_aktyuwciby,
test_mfvrhdwcqf,
test_amnpbbvysh,
test_lfujdpaipk,
test_dslzrtrzgs,
test_sysmqnsnxz,
test_wiuaosizme,
test_bavxudytfm,
test_iitbtwmoks,
test_gjuavqtsgo,
test_ricdgqxwbp,
test_ogxeudjbvk,
test_kqpmamsvqz,
test_crjqtslujo,
test_ohobekypqe,
test_jstvckqfyx,
test_bxyzctedog,
test_yyhgjkcphi,
test_ndvibaejuf,
test_atyqbsqxkw,
test_kobzcpeica,
test_nrabbezrli,
test_tiibaxyzci,
test_haenoyrctb,
test_tsdaoqzarx,
test_zezbfzdnmj,
test_eenuhaprah,
test_cmyxgdlqmk,
test_uinomcjbsp,
test_vspqfgeldy,
test_rsghscvhpd,
test_puyrhpsduy,
test_myootxpbms,
test_ghexlqpcmz,
test_iuilocgeie,
test_uncyyrqjcq,
test_afuesswfva,
test_vuuztenege,
test_jbhrohstwy,
test_joyzngznvj,
test_vyrfhgsemy,
test_ipvhknmtzd,
test_nwgqmnueue,
test_tjkribdvgy,
test_sdogdczneo,
test_chkzxzrhxx,
test_tsegitrbmf,
test_wdaxmroinx,
test_iglutdpgyn,
test_bcbknxjinx,
test_ftorvrxexo,
test_dkeqlhpgjw,
test_yjryvzmmbr,
test_hpwhxejcjk,
test_ycsrlylogy,
test_wuouhfxegh,
test_lewamryabj,
test_kpiozedfjd,
test_xcycmaqxwt,
test_gswpsxgfjq,
test_tfmpzffigk,
test_loheiiiefe,
test_vanoxyrgay,
test_dyaredyxuq,
test_xsifnppkcc,
test_owpqckffut,
test_jjhhnktlzq,
test_pdlpgwlyoo,
test_yvqonnmwxp,
test_feiezokmkr,
test_gjqmrhhxyz,
test_xuyhedblgx,
test_gijejvldah,
test_oecgromquc,
test_oxodsgxbcv,
test_nvtvksozyq,
test_rwqnudrpag,
test_xgpdnfmkdz,
test_mseeeuzdvq,
test_iepkuvowdw,
test_esoxmdarsx,
test_ehxujzjipq,
test_gkhdjrvoak,
test_ubhbqqaodw,
test_nekebxhpar,
test_zclqtuzzfc,
test_qvrhoablbk,
test_mddrkvwgox,
test_nethekfsnt,
test_qaakwxezck,
test_sdyzjlsskw,
test_nqyndticla,
test_qnolcsdxmk,
test_zoggtxvusm,
test_wdsnyprbqu,
test_htgpzunxet,
test_csnfwsqhdu,
test_ogpxitwrsk,
test_rsivhllgun,
test_omognbmwep,
test_ftfqiyczbb,
test_qtszekppda,
test_mxqkqhhtuu,
test_gatzrqnwxq,
test_lkfekudrbb,
test_lmirzpskcb,
test_ggzkonziqr,
test_rkgdmefdsm,
test_irqvueyypz,
test_cwlgjonfij,
test_tconrdeltc,
test_jcntaxaduz,
test_uohnizrgln,
test_ajnprxqxfz,
test_igjukgaurr,
test_zkprztzcot,
test_htdcsilgma,
test_siyxusxidw,
test_qqdwoqogyv,
test_ldfesmbgbn,
test_nfjbhfzteb,
test_oztvqethfn,
test_ripamfgzql,
test_kpnqlmkijl,
test_nuoqgqkhxa,
test_nuqnqedrgd,
test_wzrjhvkmuk,
test_acznnqbrlt,
test_okymvndabs,
test_dixghygqxy,
test_hxmquisblc,
test_oprczmxfsi,
test_usamtqempq,
test_ppfjviihxb,
test_jhzmqmtetg,
test_acmrvyjjeg,
test_mjwdvienej,
test_pfnscldzox,
test_qeicquvxbp,
test_kqarxnljdm,
test_qtlpsxcztw,
test_dcanglthpm,
test_mgxpaxhxbk,
test_ccrpmfiqyh,
test_gidgwbkumv,
test_rxisrxbenk,
test_vwiflpsaum,
test_xairxnmqxh,
test_gxpnclqelm,
test_kgubwtubhn,
test_hgssjjcfgt,
test_ctlgsglpnf,
test_bczyljnrgh,
test_vmeqxrimon,
test_mpfxrwmvjk,
test_vgprhvcmmq,
test_modfqajkgw,
test_jgyruupcvr,
test_ihfituogfn,
test_vdklprsyvf,
test_psnbqbtnjd,
test_gbsbnwxmop,
test_byzsbedjzv,
test_izmpnomifj,
test_jzcwkgpgcl,
test_rxuotsgnha,
test_lfqbpedgxw,
test_klvhpyabqu,
test_xyxbrdakoo,
test_rbwzsccubj,
test_chjiltrrlv,
test_sabwvqnltz,
test_joilmvlwct,
test_mztoaazudd,
test_fduiquqdcr,
test_soaiaknqcq,
test_ymjhimdzer,
test_fvdbfgbunv,
test_bdsisticpx,
test_octyopbtjp,
test_bcatngnnns,
test_ygqrkwchwn,
test_uxyttuifnq,
test_wipesnegvq,
test_yymvwvedxq,
test_bkqrtmixqs,
test_ekqmqxncye,
test_vqpzanwmza,
test_zqslmzzmdo,
test_poxywsxqzm,
test_lmlbjwzifa,
test_tkiwfzkcmt,
test_cpysxfanoy,
test_vlmzvbusfg,
test_oouzswyudn,
test_vvrlcglsrx,
test_iboiiydkxi,
test_vetflaawdl,
test_vhmwsvtbxs,
test_hylriadsus,
test_zmgxfieflk,
test_urvsdokyti,
test_pdsnihoxql,
test_zpwhfjvhmf,
test_lcoxmcvxsl,
test_vcyboqedhe,
test_hqraqzqyfw,
test_abgnwzggkd,
test_rbyebogphb,
test_eskybayeor,
test_fbyilzwjtz,
test_daryqfefqs,
test_fgapeygbam,
test_yxsfikqvua,
test_qpedixfuwl,
test_xcorceviuk,
test_vekrwqelhk,
test_zmdwreoyvy,
test_kcbtgpcgct,
test_flkfzopdzp,
test_zdilyiselc,
test_nqublachty,
test_ryzjphhdyf,
test_ysajhthjnw,
test_pkosxtrsjh,
test_aeziqpswtk,
test_yoixxmtwej,
test_vsuzysteet,
test_oaovcdeuyu,
test_ktwmtllssv,
test_keahbrexhg,
test_kbfyolstys,
test_camshnuopf,
test_cikuaysrvv,
test_hiwomavsrq,
test_iwcttutuza,
test_jlsvbbjvlr,
test_mgymmysfau,
test_qhmngshefs,
test_pzjuaaujqd,
test_pondhfwazp,
test_qjewmayecc,
test_gmamsovilv,
test_ojmligoilm,
test_zkfyfzupaq,
test_ntjpbqbazk,
test_fopqmhiefj,
test_aaxbhgppur,
test_wcoptzbtjj,
test_hmtmjchlet,
test_hzsqpsmteb,
test_xzjpvcfxbk,
test_zcvjiwsbga,
test_ratndvkeay,
test_iihxsgdumk,
test_akvhxdkwof,
test_txafzciaai,
test_ucswxlcmnz,
test_bksqlqwbyp,
test_kpfgrtncan,
test_mkmfjtdmes,
test_uadmhftpil,
test_onmqjysbbq,
test_pmfuydaphi,
test_ockwvhridt,
test_hdwipilvqw,
test_lkbmaeyumq,
test_lkdduueihs,
test_nnejlowuyy,
test_ajjtsexbui,
test_dybfealqgw,
test_mkhomrbbog,
test_thvnsmkfsz,
test_ixgxfalxiu,
test_paaoyywmrn,
test_bpxioreecb,
test_rvwogqruri,
test_aolcqkvjgm,
test_hjxgayfmpj,
test_jtmoocnwuc,
test_mogzvikdeq,
test_naboqbygsn,
test_kwybmyhzur,
test_xvccvdezus,
test_ysszckmtzp,
test_bkyisbgtpa,
test_fksymgrmnr,
test_fkgsadycvh,
test_zdjgjebltk,
test_mqcnxrchsh,
test_nuybohtifo,
test_boypvwmdik,
test_nyeminxskh,
test_inuulmdiel,
test_lgumiuqsty,
test_prxyrlrkaz,
test_atwmygkyae,
test_msbsdngknl,
test_pxsrbixdff,
test_fpxbcwxmus,
test_uvhaicqiiv,
test_bxpuzgqupi,
test_northirscp,
test_scxnvfihdh,
test_gvpcvoxrbz,
test_kpszkzytci,
test_knjepzinlv,
test_jdujvjqudt,
test_kgrfhjxakq,
test_lxcknixffz,
test_mefdcrhxca,
test_lgrdmdzuae,
test_egkkcamrlp,
test_afxkqjwqtm,
test_edvuxfigdy,
test_mxdyqielsl,
test_wkjtgpmmsn,
test_yphyesmxws,
test_xubtbtdink,
test_tdziepkbgo,
test_dwqlzjttih,
test_pxavxxiogf,
test_qdoyljbhhh,
test_uvzeiqzdpb,
test_ffgkxxitok,
test_ptgsulfbkp,
test_srqqhwzrek,
test_zjpsnihmyi,
test_nivljvcrye,
test_dycbmujkpm,
test_ngmhlmvvhe,
test_pxrircqzdp,
test_qhffncakfc,
test_vwxdonzspa,
test_lxslitkhhv,
test_cobmtaenna,
test_ejmadevozn,
test_rxuzmpkdwh,
test_oorczcuqyt,
test_bfsvbhuyep,
test_hamukkrysm,
test_woenqmuhrh,
test_mviqsblzaf,
test_yiuohaqmfa,
test_ljwnzysrlm,
test_tyobgkmrny,
test_ikgpqpebyv,
test_sayvbratwa,
test_gjstxvfkhd,
test_rrhzjevvnt,
test_ryhfzpgedn,
test_dwwfnfffik,
test_lhdrebjzva,
test_sakwkocqbw,
test_kebmpzceec,
test_craqqhmcpt,
test_demvokplqv,
test_whgpmpsmcp,
test_kwqazxqgni,
test_ujzccyuhnb,
test_wrjxvwbifo,
test_qnurjlnkqa,
test_ilyljsydbb,
test_jwhoknfqyg,
test_bhqmjjmann,
test_wjreyubwdk,
test_oazvclxwqp,
test_giurwibnab,
test_idywhzvjyq,
test_rqjkfbnwbu,
test_nbptldhzkz,
test_xfihrgjznn,
test_pomsrhidvh,
test_rsxfznnjcc,
test_yetrwuabac,
test_cjnzrpfiqs,
test_biaodwapoz,
test_qlohljqjbl,
test_omdxxsoygi,
test_darahtxlwf,
test_efzsljkrxc,
test_xufyycciad,
test_ggtimzzeho,
test_rarwzagsel,
test_inmvxrpgdx,
test_stnntjnhme,
test_epnaqxesnc,
test_srpcicnwsu,
test_scniiijftd,
test_rgclpellzc,
test_vwpndustbt,
test_goebsyducz,
test_yjhtdutlmn,
test_pifdejvuzp,
test_eewqpjakef,
test_tldhldxstc,
test_fazhuybxrh,
test_gxhajqyrvo,
test_dsklgcascf,
test_snmfgnrajf,
test_suiuzrdzos,
test_eeutdnrgom,
test_ctzmpldkyx,
test_lglccsglqp,
test_xtetsdftdg,
test_qpkynvaiio,
test_mkvvxeyxjs,
test_ukuqzzhsts,
test_lblxgxvdth,
test_lcsvtdxtmf,
test_fonajpbcrz,
test_pxzddbvyxt,
test_mkmwpcprmp,
test_nafrhjgcea,
test_tmhzuwstjq,
test_gxletrhvws,
test_jtnyoacjkp,
test_jqsytpcngq,
test_xlhckdhmct,
test_ztbfrekutf,
test_vjzbjplbvw,
test_gpodfizzgk,
test_exqwieujcv,
test_kudylkjmke,
test_bsppnaugse,
test_vteglsrgro,
test_mcezwqgfcy,
test_agjcchslzh,
test_utbkbzuxao,
test_vhdqzpubet,
test_lqwtutbfuq,
test_bkgatscpku,
test_ojothysauu,
test_xrxfhzlyof,
test_iyiserdehe,
test_opawkhzxmx,
test_rfyuibybfh,
test_hdhgaduxph,
test_wsywvmwrqy,
test_vxzjbvglez,
test_uhopobcyhi,
test_zomvatlqmb,
test_yvkdzfryui,
test_gslicrridv,
test_zydnggtuxi,
test_msvzpxdbif,
test_sizymmqpsk,
test_gqpwartppk,
test_vljjczcqqj,
test_gibdxzhark,
test_zezzzhmyqz,
test_zwzkswrcno,
test_zcjjmnqnyo,
test_bxeyuooemb,
test_sdsjfdbmcb,
test_ipkrsruajo,
test_kdbwryltvi,
test_pofagharhx,
test_acqecjprlc,
test_rbngglutaf,
test_jmbhtbzupy,
test_ovymdclrjc,
test_tayxtlklyu,
test_sijvnmanil,
test_rjvexpygqs,
test_fclazjscok,
test_rfyelfexyh,
test_gyzaznnhns,
test_ajvnrrzbym,
test_tcebueavlg,
test_unpysgpbre,
test_hzevhovady,
test_tijykwrlgl,
test_imhjwhqpqh,
test_katrztfbyt,
test_jvgamgewfa,
test_dtediqvzsc,
test_cjxzzxcixh,
test_riitnagpcq,
test_txrlkjfnel,
test_igiykojfvb,
test_ogqizphfhb,
test_tmfoijiknk,
test_pgwxdgqmqy,
test_laiayxaqwk,
test_edcukhbzwg,
test_alojyxahhx,
test_yzjukkavvm,
test_ympaqpdwpo,
test_npmphmgubr,
test_cihasnfoil,
test_qvfptmoxsn,
test_drehhurepr,
test_wmxzqylnbn,
test_tzrvnkbarz,
test_vvdljzksuv,
test_oidjtsybfh,
test_nsiwegsbqm,
test_awhucspncy,
test_dryitihmjg,
test_nyexsdtnac,
test_bjrrhewgty,
test_cxwgafjohm,
test_udwphurgem,
test_apqdupcnqk,
test_dbzyqaloov,
test_rtzqdgesdy,
test_bwbzfhtndl,
test_hrgzwdxcfh,
test_uifnhehlny,
test_dbyvzcbilv,
test_ajygtfpmdl,
test_mzgquxkbjr,
test_ivhdzondhc,
test_pczbuepebz,
test_augkdbwdli,
test_jumrgqskex,
test_kscsruqotp,
test_waanowbmyf,
test_lzghsjdukz,
test_mquyyvmikm,
test_trykivummp,
test_orjfjzvyym,
test_itomhylngy,
test_oxotsucpwc,
test_nfekohuwwx,
test_ofbytmejgs,
test_yovuluxmii,
test_kokplcoqfk,
test_meywdigamh,
test_yuikqhqpwj,
test_kcoiumvpem,
test_azzroprylp,
test_gmypxhrniu,
test_becerdvasx,
test_dwoogsdbbh,
test_lytecrwazd,
test_hnrzravswz,
test_bfulwbzwxf,
test_nhedxqnqlb,
test_wxaxqrrewn,
test_wwoxdixcdv,
test_jpurcjylhy,
test_mgaiswevvl,
test_czfekosulj,
test_newogwutqd,
test_havymtwhgi,
test_aykvwejndx,
test_rubwyiyuui,
test_zqreifpvej,
test_lazytevpvt,
test_latmedieym,
test_zxkzhjghzi,
test_bkudwjicxj,
test_crlinyqwtk,
test_lminnvwwgi,
test_hamtxkzocd,
test_jagigywavw,
test_vxnttukdbb,
test_gplbewszbv,
test_jpdznmxlte,
test_inbxbtotat,
test_rghnhjisff,
test_prrthzliup,
test_gcuiswzkoa,
test_oafyspstmt,
test_wqrezcatpg,
test_pssiwaskbv,
test_jhnotxkdws,
test_afmkkbverd,
test_mocglnincx,
test_ljyvrlpuym,
test_xxvuehozfb,
test_gdmetjdbyr,
test_mnwswogwtr,
test_mwsnwxhiki,
test_kldeicylen,
test_guqulhlsjb,
test_sshshokcya,
test_erxsyzhnln,
test_dmrjhpulhi,
test_oupyaofdok,
test_tlxsvjlhhw,
test_dlztnltawd,
test_dufcemzukj,
test_ingqqutryi,
test_ofmnsxcxaw,
test_ezppjfkijt,
test_dwgvghchdy,
test_tvivqtkeap,
test_evupaluvue,
test_lsssqgwtri,
test_ynjrwobyvj,
test_tudflxujva,
test_nxcckmyise,
test_kovlrpcacq,
test_rahwvjhrww,
test_hhtiuzxgjp,
test_hwcopnsdvl,
test_zsivprwxpl,
test_mjfjvybjcc,
test_pslcitryqj,
test_fduuvgeorx,
test_pcooopfkgu,
test_eyrdofibpz,
test_ysasuuqdye,
test_lzjvaxqzaw,
test_gfmvlpmpny,
test_nvmpfuyodd,
test_cgcudcxatf,
test_mdasimhcui,
test_dhjrwrelio,
test_xyjtbcdyle,
test_lhvvlxfxbi,
test_cugejfegya,
test_cnnhpcwiwp,
test_tvlnaatwde,
test_xzsudmrchx,
test_nszveyanob,
test_tcgopfblqt,
test_daqzwgpeii,
test_tssnqtvtqb,
test_pvvkcsccne,
test_zvrozmkhml,
test_bxgyphydco,
test_aerfkvmfum,
test_csfomxhzmp,
test_uuxoqrsdow,
test_caxeonbcgj,
test_veyghsunlj,
test_enisrsphgg,
test_olklsscfks,
test_fvycgoeahb,
test_xzfqiobghm,
test_feurfdyutt,
test_eozucqrcgp,
test_alofbbmvkf,
test_splbrhgfuc,
test_sdwmleeytk,
test_tgfvlvwijb,
test_inenpsnhod,
test_sjucigmsqp,
test_drzchynncf,
test_ppzqalcknc,
test_lmbkeudfbe,
test_roltoxjnpo,
test_bnmmdxjnrz,
test_nzzounhvmh,
test_iisuwmpvrn,
test_stbodlheyg,
test_fuyzpauhfe,
test_skwszolfwp,
test_cfpqgvjbfe,
test_mejvafjfmg,
test_wbyjlncqyq,
test_xitcvutuxu,
test_wuevbargmd,
test_ngqweiwmoy,
test_vpgsiaqain,
test_xoftkpyeum,
test_zbcyarnjwa,
test_kktraqebbk,
test_nkusuqzgwi,
test_tnxblezjto,
test_rgxzykljrf,
test_voashoyyop,
test_btaqweketu,
